,Brand,Type,Scent,Visuals,Colors,Gender*Sex,URL,Other Info,Group
0,Paul Michell,Sculpting Foam Hair Mousse, Sweet creamy coconut,,"white, red, black",,https://www.jcpenney.com/p/paul-mitchell-sculpting-foam-hair-mousse-169-oz/ppr5007206905?pTmplType=beauty&utm_source=google&utm_medium=cpc&utm_campaign=paid%20search&cid=paid%20search%7Cgoogle%7CG_Basket_Beauty_GEO_CONTROL%7CG_Basket_Beauty_Products_DSA&utm_content=dsa-1535404559985&utm_adgroupid=155532914821&utm_keyword=&utm_matchtype=&utm_device=c&gad_source=1&gclid=Cj0KCQjw1qO0BhDwARIsANfnkv90yZnBqKOSnDkVkG1GwAVLRHod2U5QKmIvJgYv2U4sVgiJSRxc5aQaAsJsEALw_wcB&gclsrc=aw.ds,,hair care
1,Avon,deodorant,"""Amber Floral (NOTES Top: Italian bergamot Bottom: Tempting jasmine Base: Amber)""",Flower,"Warm brown, white, yellow",,https://www.avon.com/product/imari-rollon-antiperspirant-deodorant-54052,,deodorants
2,Avon,Deodorant,"""Wild Country""",Longhorn bull icon,"Brown, light blue, white",Male,https://www.avon.com/product/wild-country-rollon-antiperspirant-deodorant-10240,,deodorants
3,Veet ,"ready to use waxx strips kit remover legs, body",acai berries,Women getting waxed,"pink, yellow, white",,https://m.media-amazon.com/images/I/819Z2WwvAQL._AC_SX679_.jpg,"easy to use all skin types, it rolls larger areas of body",hair removal
4,Suave,Conditioner,"Almond, shea butter","Almonds, shea nuts, leaves","Green, brown",,https://target.scene7.com/is/image/Target/GUEST_93bbe7c0-7c17-46ab-bc2c-b631c925a104?wid=488&hei=488&fmt=pjpeg,,hair care
5,Nopunzel,Cream,Aloe Vera,,"yellow, mint, blue",,https://m.media-amazon.com/images/I/61hJqIkWn8L._SX679_.jpg,none,hair removal
6,NEOMENTDG,Cream,Aloe Vera,Female legs,"green, white",,https://m.media-amazon.com/images/I/61XfOAQb7oL._SX679_.jpg,none,hair removal
7,MEOLY,"Foam, Cream","Aloe Vera, Cherry Blossom",,"blue, white",,https://m.media-amazon.com/images/I/61xEEf8wLEL._SX679_.jpg,none,hair removal
8,Alvera,deodorant,"Aloe, Almonds","Aloe plant, butterfly","Yellow, green, brown",,https://www.amazon.com/Alvera-Natural-Roll-Deodorant-Almonds/dp/B001E0ZQ54,,deodorants
9,Aveeno,Conditioner,Apple cider vinegar,Oats,"Brown, orange, white",,https://www.aveeno.com/sites/aveeno_us_2/files/styles/jjbos_adaptive_images_generic-tablet/public/product-images/ave_052800673052_apple_cider_vinegar_conditioner_12oz_vanity.png,Good dull hair,hair care
10,Right Guard,Deodorant,Arctic Resfresh,,"orange, blue, gray",,https://www.hilitefreshmarket.com/p/right-guard-total-defense-5-power-gel-arctic-refresh-deodorant-4-oz/MDAwMTMyODY1NA,,deodorants
11,Herbal Essences,Conditioner,Argan,"Argan fruits, leaves",Bright blue,,https://i5.walmartimages.com/seo/Herbal-Essences-Bio-Renew-Argan-Oil-Shampoo-Conditioner-Set-13-5-oz_0d89ff9d-3811-472e-9de9-820f0f709fca.0ef63be0eebeed310a87695b028a767a.jpeg,,hair care
12,eva-nyc,Hair oil,"Argan, coconut ",,"Black, purple",,https://www.ulta.com/p/mane-magic-nourishing-hair-oil-pimprod2045577?sku=2626276," is solid purple in color, is slender. top contains a purple dropper. Wording is written in black smaller letters. brand name is in all lowercase, contains letters that are a mix of thick, thin lines, have little dots at ends. ",hair care
13,Durex Tropical,Condom,"Banana, Apple, Strawberry","mouth, fruits: strawberry, apple, banana. ","Green, red, yellow",,https://target.scene7.com/is/image/Target/GUEST_75d7c64b-8d9b-42da-83b7-52218b64e3d6?wid=1200&hei=1200&qlt=80&fmt=webp,,contraception & safe sex
14,Folkculture,Diffusable Essential Oils,"Basalm, Cedarwood","Mushrooms, Moon, Hand","Amber, Green, Black ",,https://m.media-amazon.com/images/I/81j7bncRwwL._AC_SL1500_.jpg,Part of a 6 pack,air fresheners
15,Folkculture,Diffusable Essential Oils,"Basalm, Cedarwood","Mushrooms, Moon, Hand","Amber, Green, Black ",,https://m.media-amazon.com/images/I/81j7bncRwwL._AC_SL1500_.jpg,Part of a 6 pack,air fresheners
16,Folkculture,Diffusable Essential Oils,"Basalm, Cedarwood","Mushrooms, Moon, Hand","Amber, Green, Black ",,https://m.media-amazon.com/images/I/81j7bncRwwL._AC_SL1500_.jpg,Part of a 6 pack,air fresheners
17,Folkculture,Diffusable Essential Oils,"Basalm, Cedarwood","Mushrooms, Moon, Hand","Amber, Green, Black ",,https://m.media-amazon.com/images/I/81j7bncRwwL._AC_SL1500_.jpg,Part of a 6 pack,air fresheners
18,Folkculture,Diffusable Essential Oils,"Basalm, Cedarwood","Mushrooms, Moon, Hand","Amber, Green, Black ",,https://m.media-amazon.com/images/I/81j7bncRwwL._AC_SL1500_.jpg,Part of a 6 pack,air fresheners
19,Folkculture,Diffusable Essential Oils,"Basalm, Cedarwood","Mushrooms, Moon, Hand","Amber, Green, Black ",,https://m.media-amazon.com/images/I/81j7bncRwwL._AC_SL1500_.jpg,Part of a 6 pack,air fresheners
20,ShineMore Facial Wax Strips,waxing strips,"beeswax, shea butter","Smiling white women, honeycomb, jojoba","green, white",,https://m.media-amazon.com/images/I/51Vf1V0dXLL._SX300_SY300_QL70_FMwebp_.jpg,,hair removal
21,Salt & Stone,Deodorant,"Bergamot, Hinoki",,Beige,,https://www.saltandstone.com/products/natural-deodorant-gel?_ab=0&_fd=0&_sc=1&currency=USD&gad_source=4&gclid=Cj0KCQjw-ai0BhDPARIsAB6hmP6c5LINKwy246G3EYnyzPLF3wZHmekxHk2l9mNMMiJNE-vcZfsOW7YaAsQUEALw_wcB&nb_adtype=pla&nb_ap=&nb_fii=&nb_kwd=&nb_li_ms=&nb_lp_ms=&nb_mi=270320775&nb_mt=&nb_pc=online&nb_pi=shopify_US_7607065608442_42738051023098&nb_placement=&nb_ppi=&nb_ti=&nbt=nb%3Aadwords%3Ax%3A21093663800%3A%3A&utm_campaign=sag_organic&utm_content=sag_organic&utm_medium=product_sync&utm_source=google&variant=42738051023098,,deodorants
22,Meguiar,Car Air Freshener,Black Chrome,,"Black, grey,, yellow",,https://www.meguiarsdirect.com/meguiar-s-reg-whole-car-air-re-fresher-black-chrome-scent.html,,air fresheners
23,Axe,Deodorant Stick,Black Vanilla ,"White flowers, an orange peel ","Black, White, Orange",Male,https://www.axe.com/us/en/p/black-vanilla-premium-deodorant-stick.html/00079400510242,,deodorants
24,Folkculture,Incense Sticks,Boho Escape,"Tarot Cards, Hand, Rose, Moon Phases, Crystal Ball","Black, Purple, Gold",,https://m.media-amazon.com/images/I/81zMOxypOyL._AC_SL1500_.jpg,,air fresheners
25,Folkculture,Incense Sticks,Boho Escape,"Tarot Cards, Hand, Rose, Moon Phases, Crystal Ball","Black, Purple, Gold",,https://m.media-amazon.com/images/I/81zMOxypOyL._AC_SL1500_.jpg,,air fresheners
26,Folkculture,Incense Sticks,Boho Escape,"Tarot Cards, Hand, Rose, Moon Phases, Crystal Ball","Black, Purple, Gold",,https://m.media-amazon.com/images/I/81zMOxypOyL._AC_SL1500_.jpg,,air fresheners
27,Folkculture,Incense Sticks,Boho Escape,"Tarot Cards, Hand, Rose, Moon Phases, Crystal Ball","Black, Purple, Gold",,https://m.media-amazon.com/images/I/81zMOxypOyL._AC_SL1500_.jpg,,air fresheners
28,Folkculture,Incense Sticks,Boho Escape,"Tarot Cards, Hand, Rose, Moon Phases, Crystal Ball","Black, Purple, Gold",,https://m.media-amazon.com/images/I/81zMOxypOyL._AC_SL1500_.jpg,,air fresheners
29,Folkculture,Incense Sticks,Boho Escape,"Tarot Cards, Hand, Rose, Moon Phases, Crystal Ball","Black, Purple, Gold",,https://m.media-amazon.com/images/I/81zMOxypOyL._AC_SL1500_.jpg,,air fresheners
30,Sexy hair,Rough & Ready Styling Pomade,"bold, earthy",,"Black, whte, fusia",,https://www.ulta.com/p/style-sexy-hair-rough-ready-styling-pomade-pimprod2009230?sku=2550689,,hair care
31,Brut,deodorant,"Brut Original (citrus, fougere, musk)",,"Dark green, white",Male,https://brut.com.au/brut-original-roll-on-deodorant-50ml,,deodorants
32,Dae,Styling Cream,Cactus fruit,,"pink, cream, white",Female,https://www.sephora.com/product/dae-cactus-flower-3-in-1-styling-cream-P482668?country_switch=us&lang=en&skuId=2539542&om_mmc=ppc-GG_17791296871___2539542__1014072_c&country_switch=us&lang=en&gad_source=1&gclid=Cj0KCQjw1qO0BhDwARIsANfnkv8EGtB_Yb90QWoLH9CvygSt9f4s_eM0H-92nBtNXc6q0pEAKrURvvcaAmUEEALw_wcB&gclsrc=aw.ds,,hair care
33,Glade,Air Freshener - Plug in,Cashmere Woods,Leaf,"Brow, Blue, Yelow",,https://www.amazon.com/Glade-Plugins-Scented-Freshener-Cashmere/dp/B077K2FMNQ?source=ps-sl-shoppingads-lpcontext&ref_=fplfs&psc=1&smid=ATVPDKIKX0DER,,air fresheners
34,Corpus,Deodorant Stick,Cedar Flora ,,"Green, gold",,https://corpusnaturals.com/products/deodorant-stick-cedar-flora,,deodorants
35,Wicked Sensual Care,Aqua Flavored Water Based Lube,Cherry,Cherries,"Black, silver, pink",,https://www.pinkcherry.com/cdn/shop/products/media_5f2eb86e-ee6d-4457-8536-891e5c254b7f.jpg?v=1571485287&width=990,,contraception & safe sex
36,Booty Call,Numbing Gel Lubricant,Cherry,Cartoon cherry,"Pink, Red, White",,https://www.pinkcherry.com/cdn/shop/products/media_39ccc4b7-653c-4b0d-b57a-263d2a8ebf5a.jpg?v=1571485057,,contraception & safe sex
37,Nair wax strips,waxing strips,"cherry blossom, orcid",pink flowers,"pink, yellow, white",,https://m.media-amazon.com/images/I/51uOd1fW-7L._SX300_SY300_QL70_FMwebp_.jpg,"dermatologist tested, easy to use. It minimizes hair regrowth. Long lasting",hair removal
38,Slippery Stuff,Lubricant,Cinnamon,Flowers,"blue, white",,https://www.amazon.com/SLIPPERY-STUFF-Gel-OZ-Tube/dp/B07BFQTGRD,,contraception & safe sex
39,Weleda,deodorant,Citrus (lemon tree extract),"Japanese laurels, lemon tree leaves","White, yellow green, dark green",Male,https://www.ebay.com/itm/285346422034,,deodorants
40,ogx,Hair Oil,"citrus, floral, woody",,"golden, black",,https://m.media-amazon.com/images/I/71kgf-y5D9L._SX679_.jpg,"Used to soften, detangle hair",hair care
41,Native,Deodorant & Body Spray,"Citrus, Herbal Musk",,"White, Dark Orange",,https://www.nativecos.com/products/deo-body-spray-citrus-herbal-musk,,deodorants
42,Aveda,Curl perfecting primer,"Citrus, lemon, bergamot, orange",Flower,"Green, white, yellow",,https://www.aveda.com/media/images/products/355x600/white/av_sku_VC8H01_185278_355x600_0.jpg,"Perfect styling, detangling, smoothing curls, coils.",hair care
43,Living Proof,Dry volume & Texture Spray,"clean, fesh",,"Light grey, white, black ",,https://www.ulta.com/p/full-dry-volume-texture-spray-pimprod2030056?sku=2590400,,hair care
44,K-Y Jelly Personal Lubricant,Lubricant,"Clean, Fresh",,"Blue, White",,https://www.k-y.com/products/k-y-jelly-water-based-personal-lube,"Water-based, non-greasy",contraception & safe sex
45,Nair,Shower Cream,Coconut,Coconuts,"peach, blue, brown",,https://target.scene7.com/is/image/Target/GUEST_8c8e76b9-bf88-4dff-83ec-20e0b1a8b254?wid=1200&hei=1200&qlt=80&fmt=webp,none,hair removal
46,TIGI Bed Head,Styling product to add texture,coconut,,"Light Grey, Black, turquoise",,https://www.amazon.com/TIGI-Head-Manipulator-Texturizer-Ounce/dp/B01ENS6WJW?source=ps-sl-shoppingads-lpcontext&ref_=fplfs&psc=1&smid=ASEVS99O6FS73,,hair care
47,Pacifica ,Hair oil,Coconut ,"Blue flowers, dots","Blue, white ",,https://www.ulta.com/p/coco-bond-damage-care-hair-oil-pimprod2039978?sku=2611294," is slender, cylindrical in shape with a white dropper  on top. is mostly smaller, shiny blue lettering. Brand's name is only front that is different from rest. name is still same color as rest but letters are all uppercase, are spaced out more than normal. There is also small gaps where lines would normally connect an individual letter to itself. ",hair care
48,Dove,Whole Body Deodorant Cream,"Coconut, Vanilla ",,"white, lavender, gold",,https://www.dove.com/us/en/p/coconut-vanilla-invisible-cream.html/00079400511676,,deodorants
49,Coconut Love Oil by Woo More Play,Lubricant,Cocunut,,"White, Black",,https://woomoreplay.com/collections/shop-all/products/coconut-love-oil,"Rich in vitamin A, antioxidants, beeswax is great moisturizing your skin.",contraception & safe sex
50,Meyer’s Clean Day,Air freshener spray,Compassion flower,,"Yellow, white, purple",,https://www.mrsmeyers.com/product/air-freshener/room-freshener/room-spray-compassion-flower/,"At bottom of page around floral scents, there is a stick figure of a woman gardening",air fresheners
51,Doc Johnson Good Head,Flavored Oral Delight Gel (Lubricant),Cotton Candy,,"Light blue, White",,https://www.pinkcherry.com/cdn/shop/products/media_b3bd4640-c2c5-46a6-b9e3-5ad62b85e30f.jpg?v=1571484578&width=990,,contraception & safe sex
52,Native,Sensitive Deodorant ,"Cotton, Lilly",,"white, light blue ",,https://www.nativecos.com/products/deo-sensitive-cotton-lily,,deodorants
53,Dove,Deodorant Spray,"Cucumber, Green Tea",cucumber,"White, Green, Gold ",,https://www.dove.com/us/en/p/dove-0-aluminum-deodorant-spray-cucumber-green-tea.html/00079400482280,,deodorants
54,Native,Conditioner,"Cucumer, Mint",,"White, bright green ",,https://www.meijer.com/content/dam/meijer/product/0812/15/4033/28/0812154033281_1_A1C1_0600.jpg,,hair care
55,Aēsop,deodorant,Earth,Rabbit,"Brown, black, cream",,https://www.nordstrom.com/s/deodorant-roll-on/4974757,,deodorants
56,Folkculture,Incense Sticks,Enchanted Forest,"Mushroom, Saturn, Moon, Palm, Stars","Black, White, Pink",,https://m.media-amazon.com/images/I/81zMOxypOyL._AC_SL1500_.jpg,,air fresheners
57,Folkculture,Incense Sticks,Enchanted Forest,"Mushroom, Saturn, Moon, Palm, Stars","Black, White, Pink",,https://m.media-amazon.com/images/I/81zMOxypOyL._AC_SL1500_.jpg,,air fresheners
58,Folkculture,Incense Sticks,Enchanted Forest,"Mushroom, Saturn, Moon, Palm, Stars","Black, White, Pink",,https://m.media-amazon.com/images/I/81zMOxypOyL._AC_SL1500_.jpg,,air fresheners
59,Folkculture,Incense Sticks,Enchanted Forest,"Mushroom, Saturn, Moon, Palm, Stars","Black, White, Pink",,https://m.media-amazon.com/images/I/81zMOxypOyL._AC_SL1500_.jpg,,air fresheners
60,Folkculture,Incense Sticks,Enchanted Forest,"Mushroom, Saturn, Moon, Palm, Stars","Black, White, Pink",,https://m.media-amazon.com/images/I/81zMOxypOyL._AC_SL1500_.jpg,,air fresheners
61,Folkculture,Incense Sticks,Enchanted Forest,"Mushroom, Saturn, Moon, Palm, Stars","Black, White, Pink",,https://m.media-amazon.com/images/I/81zMOxypOyL._AC_SL1500_.jpg,,air fresheners
62,Old Sprice,Antiperspirant ,Fiji,"Palm tree, ocean","Tan, Red, Green",,https://oldspice.com/fiji-with-palm-tree-anti-perspirant/,,deodorants
63,Meguiar,Car Air Freshener,Fiji Sunset,"Sunset with palm trees, sky with clouds","Pink, yellow, black",,https://www.meguiarsdirect.com/meguiars-whole-car-air-refresher-fiji-sunset-scent.html,,air fresheners
64,Almost Naked,Lubricant,fragrance free,,"green, yellow, white",,https://goodcleanlove.com/products/copy-of-almost-naked%C2%AE-organic-personal-lubricant-4-oz?variant=42219188584632,,contraception & safe sex
65,Honey Girl Organics ,Personal Lubricant,fragrance free,flowers,"purple, white, gold",Female,https://honeygirlorganics.com/products/personal-lubricant-1?tw_source=google&tw_adid=&tw_campaign=18576666406&gad_source=1&gclid=Cj0KCQjw-uK0BhC0ARIsANQtgGOwWOKf8TX9oIewV_ouvOlWwczodxcI6yDEWiTwZkkjwu9WTA_cDgoaAoAnEALw_wcB,,contraception & safe sex
66,Lola,personal lubricant,fragrance free,,blue,Female,https://mylola.com/products/personal-lubricant?variant=11556998152235&currency=USD&utm_medium=product_sync&utm_source=google&utm_content=sag_organic&utm_campaign=sag_organic&gad_source=1&gclid=Cj0KCQjw-uK0BhC0ARIsANQtgGMmWBCDgq9W3FozW0lAhT0EtFW5n3eGiHkK2fblD6e2g8QnmuJ2ndcaAms8EALw_wcB,promotes healthy vaginal ph balance,contraception & safe sex
67,maude,personal lubricant,fragrance free,Shapes,"dark brown, white",,https://getmaude.com/products/shine-organic-lube?variant=39511064772687&currency=USD&utm_medium=product_sync&utm_source=google&utm_content=sag_organic&utm_campaign=sag_organic&utm_source=google&utm_medium=cpc&utm_term=&utm_campaign=g-us-shopping-lubricants&utm_content=614277220937https://ad.atdmt.com/s/go;adv=11217220097186;ec=11217220097222;c.a=17921857437;s.a=google;p.a=17921857437;as.a=146440116664;qpb=1;?bidkw=defaultkeyword&dvc=c&h=https://getmaude.com/products/shine-organic-lube%3Fvariant%3D39511064772687%26currency%3DUSD%26utm_medium%3Dproduct_sync%26utm_source%3Dgoogle%26utm_content%3Dsag_organic%26utm_campaign%3Dsag_organic&gad_source=1&gclid=Cj0KCQjw-uK0BhC0ARIsANQtgGPpKan-3XvhjlGvUiv1mnTMVSWVcP-uV86zdolw-BKIvZ3az5hqkdgaAjvNEALw_wcB,,contraception & safe sex
68,Folkculture,Incense Sticks,Free Spirit,"Butterly, Cow Skull, Moon, Clouds, Snake","White, Pink, Orange",,https://m.media-amazon.com/images/I/81zMOxypOyL._AC_SL1500_.jpg,,air fresheners
69,Folkculture,Incense Sticks,Free Spirit,"Butterly, Cow Skull, Moon, Clouds, Snake","White, Pink, Orange",,https://m.media-amazon.com/images/I/81zMOxypOyL._AC_SL1500_.jpg,,air fresheners
70,Folkculture,Incense Sticks,Free Spirit,"Butterly, Cow Skull, Moon, Clouds, Snake","White, Pink, Orange",,https://m.media-amazon.com/images/I/81zMOxypOyL._AC_SL1500_.jpg,,air fresheners
71,Folkculture,Incense Sticks,Free Spirit,"Butterly, Cow Skull, Moon, Clouds, Snake","White, Pink, Orange",,https://m.media-amazon.com/images/I/81zMOxypOyL._AC_SL1500_.jpg,,air fresheners
72,Folkculture,Incense Sticks,Free Spirit,"Butterly, Cow Skull, Moon, Clouds, Snake","White, Pink, Orange",,https://m.media-amazon.com/images/I/81zMOxypOyL._AC_SL1500_.jpg,,air fresheners
73,Folkculture,Incense Sticks,Free Spirit,"Butterly, Cow Skull, Moon, Clouds, Snake","White, Pink, Orange",,https://m.media-amazon.com/images/I/81zMOxypOyL._AC_SL1500_.jpg,,air fresheners
74,Febreze Car Air - Unstopables,Car Air Freshener,Fresh,"Car, blue droplets","Black, blue, white",,https://www.amazon.com/Febreze-Freshener-Unstopables-Paradise-Eliminator/dp/B08QG2L3FQ,,air fresheners
75,Febreze Car Air - Unstopables,Car Air Freshener,Fresh,"Car, blue droplets","Black, blue, white",,https://www.amazon.com/Febreze-Freshener-Unstopables-Paradise-Eliminator/dp/B08QG2L3FQ,,air fresheners
76,andmetics,Cream,Fresh,Bare Male chest,"white, blue, black",Male,https://target.scene7.com/is/image/Target/GUEST_865a06c9-b1a6-47b4-b72d-5c1681a3f941?wid=1200&hei=1200&qlt=80&fmt=webp,none,hair removal
77,Right Guard,Deodorant,Fresh,,"Navy blue, light blue, white",Male,https://www.picknsave.com/p/right-guard-fresh-sport-gel-antiperspirant-deodorant/0085004220320?fulfillment=PICKUP&storecode=53400879&&cid=shp_adw_shopl_.FY24.01_search_ent_sales.nh_allent.lia_corelia_picknsave.t3_g_lia_shop_acq_evgn_mediumperformers_all_rev_roas_sf&gad_source=4&gclid=Cj0KCQjw-ai0BhDPARIsAB6hmP4DAK_T5Xg-Y2qECQXF7nak7-N6AheogJlLErLV-W2bvzQRbQNymRgaAm8qEALw_wcB&gclsrc=aw.ds,,deodorants
78,Nivea,Deodorant,Fresh,Pink pearls,"pink, white, blue",Female,https://www.amazon.com/Nivea-Pearl-Beauty-Anti-Perspirant-Roll/dp/B00E4KZVWO,,deodorants
79,Hello,deodorant,Fresh,,"White, dark blue, light blue",,https://www.walmart.com/ip/hello-Clean-Fresh-Roll-On-Deodorant-48-Hour-Odor-Protection-No-Aluminum-No-Baking-Soda-Vegan-Parabens-Free/1210219070,,deodorants
80,Suave,Deodorant,Fresh,,"light blue, navy blue, white",,https://www.picknsave.com/p/suave-deodorant-fresh-antiperspirant-deodorant-stick/0007940076420?fulfillment=PICKUP&storecode=53400879&&cid=shp_adw_shopl_.FY24.01_search_ent_sales.nh_allent.lia_corelia_picknsave.t3_g_lia_shop_acq_evgn_verylowperformers_all_rev_roas_sf&gad_source=4&gclid=Cj0KCQjw-ai0BhDPARIsAB6hmP4rHag-ZqcGzuDKQ00qk9u13mc2H5KyV_6bXXpNPkvwwYLajalQfvgaAl01EALw_wcB&gclsrc=aw.ds,,deodorants
81,Magic,Razorless Shave Cream,Fresh,,"white, black, blue",Male,https://target.scene7.com/is/image/Target/GUEST_44aef889-a3cb-47c5-939f-9de6869cdb28?wid=1200&hei=1200&qlt=80&fmt=webp,none,hair removal
82,Lume,Cream Tube Deodorant,Fresh Alpine ,,"Forest Green, White, Orange ",,https://lumedeodorant.com/products/fresh-alpine-cream-deodorant-tube,,deodorants
83,Right Guard,Deodorant,Fresh Blast,none,"orange, black, white",Male,https://www.riteaid.com/shop/right-guard-total-defense-5-power-stripe-antiperspirant-deodorant-invisible-solid-fresh-blast-bonus-2-6-oz-73-g-0348042,,deodorants
84,Dr. Squatch,Deodorant,Fresh Falls,"cartoon Sasquatch wearing a suit, smoking a pipe","brown, blue, white",Male,https://www.drsquatch.com/products/fresh-falls-deodorant-1?nbt=nb%3Aadwords%3Ag%3A21423817183%3A162396912925%3A704181225506&nb_adtype=pla&nb_kwd=&nb_ti=pla-2193306795255&nb_mi=103070104&nb_pc=online&nb_pi=32889450135657&nb_ppi=2193306795255&nb_placement=&nb_li_ms=&nb_lp_ms=&nb_fii=&nb_ap=&nb_mt=&campaignid=21423817183&adgroupid=162396912925&adid=704181225506&gad_source=4&gclid=Cj0KCQjw-ai0BhDPARIsAB6hmP6yWU8mtvAbQv390E146i9dQYKLB41vRHG33GTFRN6WWbmfHJa2ykkaAoifEALw_wcB,,deodorants
85,Speed Stick,Deodorant,fresh fusion,,"purple, pink, white",Female,https://www.amazon.com/Lady-Speed-Stick-Antiperspirant-Deodorant/dp/B01GSOS4Q8?source=ps-sl-shoppingads-lpcontext&ref_=fplfs&psc=1&smid=A2K0MWNK8LTNWU,,deodorants
86,Diane's Custom Candle Store,Candle,Fresh Linen,Clean laundry,"Black, White",,https://m.media-amazon.com/images/I/71QP3IOExZL._AC_SX679_.jpg,,air fresheners
87,Clorox (Fragranzia),Air freshener crystal beads,Fresh Ocean Breeze,path to ocean,"Blue, green, light brown",,https://www.amazon.com/Clorox-Fraganzia-Freshener-Long-Lasting-Bathrooms/dp/B0B4T45XGH?source=ps-sl-shoppingads-lpcontext&ref_=fplfs&psc=1&smid=ATVPDKIKX0DER,,air fresheners
88,Angry Orange,Pet Odor Eliminator Spray,Fresh Orange Blast,"Flames, Dog, Orange Slices","Orange, White",,https://m.media-amazon.com/images/I/71MJxV3Ie9L._AC_SX425_.jpg,,air fresheners
89,Zumiez,Hanging air freshener,Fresh scent,Patrick from Spongebob,"Pink, purple, green",Male,https://www.zumiez.com/psd-x-spongebob-squarepants-patrick-shock-air-freshener.html," description does not appear to be gendered, however, it is in men’s section",air fresheners
90,Lolane,Styling Mousse ,"fresh, clean",,"gold, orange, black ",,https://prostylingsource.com/products/lolane-freestyle-styling-mousse-pro-vitamin-b5-extra-hold-220ml-salon-hair,,hair care
91,Got 2b,Styling Glue,"fresh, slightly citrusy",,"light grey, yellow, black",,https://www.ulta.com/p/glued-styling-spiking-glue-mini-pimprod2036456?sku=2605871&cmpid=PS_Non!google!Product_Listing_Ads&utm_source=google&utm_medium=paidsearch&CAWELAID=330000200002984654&srsltid=AfmBOorFxUWrrRqaepL-zBTzdmSsTZ0-otaZk1D3WdNy3zc_g8KQObj5sy4,,hair care
92,Strawberry Leopard,Hair Dye,Fruity,Leopard,"Purple, Black, White",,https://www.sallybeauty.com/hair-color/shop-by-type/permanent-hair-color/lavender-fog-semi-permanent-conditioning-hair-color/SBS-008426.html?_gl=1*1yuv4nk*_up*MQ..&gclid=CjwKCAjw1920BhA3EiwAJT3lSZmREaYH0REmtEBFvC5rhVmhD7vSnoXi1KZJCVasa8S3RtNxT8uehRoCq38QAvD_BwE,"Vegan, glute free, cruelty free",hair care
93,Nair,Bikini Cream,Green Tea,Leaves,"green, blue, black",,https://i5.walmartimages.com/asr/3768f086-6e11-4e4d-b949-c6930cd20974.5cbc1a1b8c66711f043dce3dff2fd293.jpeg?odnHeight=2000&odnWidth=2000&odnBg=FFFFFF,none,hair removal
94,Folkculture,Diffusable Essential Oils,Green Tea,"Tree, Moth, Sun","Amber, black ",,https://m.media-amazon.com/images/I/81j7bncRwwL._AC_SL1500_.jpg,Part of a 6 pack,air fresheners
95,Folkculture,Diffusable Essential Oils,Green Tea,"Tree, Moth, Sun","Amber, black ",,https://m.media-amazon.com/images/I/81j7bncRwwL._AC_SL1500_.jpg,Part of a 6 pack,air fresheners
96,Folkculture,Diffusable Essential Oils,Green Tea,"Tree, Moth, Sun","Amber, black ",,https://m.media-amazon.com/images/I/81j7bncRwwL._AC_SL1500_.jpg,Part of a 6 pack,air fresheners
97,Folkculture,Diffusable Essential Oils,Green Tea,"Tree, Moth, Sun","Amber, black ",,https://m.media-amazon.com/images/I/81j7bncRwwL._AC_SL1500_.jpg,Part of a 6 pack,air fresheners
98,Folkculture,Diffusable Essential Oils,Green Tea,"Tree, Moth, Sun","Amber, black ",,https://m.media-amazon.com/images/I/81j7bncRwwL._AC_SL1500_.jpg,Part of a 6 pack,air fresheners
99,Folkculture,Diffusable Essential Oils,Green Tea,"Tree, Moth, Sun","Amber, black ",,https://m.media-amazon.com/images/I/81j7bncRwwL._AC_SL1500_.jpg,Part of a 6 pack,air fresheners
100,KREYOL ESSENCE ,Hair Gel ,Haitian Black Caster Oil ,,"Brown, White, Green ",,https://www.amazon.com/Kreyol-Essence-Pomad-Haitian-Pomade/dp/B081QZXDR5,,hair care
101,Air Wick,Room Spray,Hawaii,"Mango, hibiscus ","Red, yellow, orange",,https://www.airwick.us/products/room-spray/Air-Wick-Room-Spray-Hawaii/,,air fresheners
102,Glade,Air Freshener - Candle,"Hawaiian Breeze, Vanilla","flower, vanilla plant","White, Orange, Pink",,https://www.cvs.com/shop/glade-candle-2in1-prodid-1010989?skuId=809066&cgaa=QWxsb3dHb29nbGVUb0FjY2Vzc0NWU1BhZ2Vz,,air fresheners
103,Maui Moisture,Conditioner,Hibiscus Water,Plant frond,"Bright pink, beige ",,https://mauimoisture.com/wp-content/uploads/2020/12/LightweightHydration_HibiscusWaterConditioner_Product_1.png,,hair care
104,gisou ,Hair Repair Serum,Honey,,"Golden, black, white",,https://gisou.com/cdn/shop/files/PDP_HIHS_01_600x750_crop_center@2x.jpg?v=1693555699,"Repairs, strengthens damaged hair ",hair care
105,GiGi All Purpose Honee,honey wax,honey,"flower, female legs","yellow, white",,https://m.media-amazon.com/images/I/41Swlw2kgjL._SX300_SY300_QL70_FMwebp_.jpg,"All natural, microwavable",hair removal
106,Hawcay wax warmer roll on,waxing with a roll on applicator,honey,Woman getting waxed,"pink, yellow, white",,https://m.media-amazon.com/images/I/41ccoLiwJbL._SX300_SY300_QL70_FMwebp_.jpg,,hair removal
107,Natural Wax Honey Roll On Cartridge,waxing with a roll on applicator,honey,"flower, woman in underwear","green, white, yellow",,https://m.media-amazon.com/images/I/3141QKJb8QL._SX300_SY300_QL70_FMwebp_.jpg,"Organic, requires wax warmer",hair removal
108,Febreze AIR,Air Freshener,Honey Berry Hula,"White flowers, blue waves","Blue, green, white",,https://www.febreze.com/en-us/products/air-effects-gain-honey-berry-hula,,air fresheners
109,Flamingo,Cream,"iris, suede",,"purple, black",,https://target.scene7.com/is/image/Target/GUEST_21edc153-cf78-4b6f-bdea-1e47e518591a?wid=1200&hei=1200&qlt=80&fmt=webp,none,hair removal
110,Herbal Essences ,Hair mask,"Juicy orange, white florals, coconut water","Aloe vera, leaves","White, green, brown",,https://images.ctfassets.net/w7pbeqztoxtb/3fOE7rdPdYmaDRMjoOprcs/e3ac098c3a3df6b3c66b8b801f8fcfde/00190679004581_C1N1_NA.jpg?fm=webp,Good dry damaged hair ,hair care
111,Alberto VO5,Conditioner,Kiwi Lime Squeeze,"Kiwi, lime, a leaf","Pale, bright green",,https://i5.walmartimages.com/seo/Alberto-VO5-Kiwi-Lime-Clarifying-Nourishing-Daily-Hair-Conditioner-with-Vitamin-E-C-15-fl-oz_1bb4e271-8fa4-4c82-9cab-a336bc41977b.26ba5529f01c56db20e1569e38086b6d.png,,hair care
112,Oscar Blandi,Hairspray,Lacca,,"White, gold, dark brown",,https://pasteurpharmacy.com/products/oscar-blandi-lacca-medium-hold-hairspray-6-8-oz?variant=45077958721814&currency=USD&utm_medium=product_sync&utm_source=google&utm_content=sag_organic&utm_campaign=sag_organic&srsltid=AfmBOoo1utCRkzICdNdzd9HaUaB6tl-Wi3rzk3DX8nhzgzr0P3D2aa4c-nA,,hair care
113,Earthly Body,Hemp Seed Massage Oil,Lavendar,,"Brown, purple",,https://www.pinkcherry.com/cdn/shop/products/media_f8874db4-9a8a-434d-a748-6b868e678164.jpg?v=1571483773&width=990,,contraception & safe sex
114,L'Occitane,Deodorant,Lavender,,"White, orange, purple",,https://www.target.com/p/l-occitane-l-occitan-roll-on-deodorant-1-6-oz/-/A-91652528,,deodorants
115,Kiss My Face,deodorant,Lavender,Lavender stem,"White, blue, purple",,https://kissmyface.com/products/liquid-rock-roll-on-lavender-deodorant?variant=34797340852268,,deodorants
116,Astroglide Personal Lubricant,Lubricant ,Lavender,," Purple, Silver, White",,https://astroglide.com/products/astroglide-liquid,"Water-based, long-lasting",contraception & safe sex
117,Old Spice,Aluminum Free Deodorant ,Lavender & Mint,Lavender sprigs ,"Tan, Red, Lavender ",Male,https://oldspice.com/gentlemans-blend-lavender-mint-aluminum-free-deodorant/,,deodorants
118,Billie,Deodorant,Lavender Milk ,,"Lavender, Black",,https://mybillie.com/products/aha-deodorant?utm_source=google&utm_medium=display&utm_campaign=PerformanceMaxBrand&gad_source=1&gbraid=0AAAAADATTPMvEROAtpPNnZ6NBrtAapuTh&gclid=Cj0KCQjws560BhCuARIsAHMqE0F7p7qlhAjInnTe1A9CxNlSbfckn9VBtY6_vQar1OxpFkZPxqR-my8aAs7FEALw_wcB,,deodorants
119,Enviroscent,Plug-In Air Freshener,"Lavender Tea, Honey",Lavender sprig,"Green, Purple",,https://m.media-amazon.com/images/I/71dh44MSKuL._AC_SX425_.jpg,,air fresheners
120,Delexi All-in-one At Home Waxing Kit,"waxing beads, melting pot","lavender, strawberry, aloe vera",Women,"peach, pink, light green",,https://m.media-amazon.com/images/I/511V1g8bZyL._SX300_SY300_QL70_FMwebp_.jpg,"At home wax melting pot with different beads different skin types, areas of body",hair removal
121,Meyer’s Clean Day,Air freshener,Lemon Verbena,Smiling woman stick figure,"Light green, black, red",Female,https://www.mrsmeyers.com/product/air-freshener/room-freshener/room-spray-lemon-verbena/,Home page of website has a woman with a classic “scarf bandana” on her head like she is ready to clean,air fresheners
122,Pantene,Repair Essence,Light fragrance ,,"White, gold",,https://images.ctfassets.net/r9udlqyetmm3/BIcg7GA3HjpoDyZjTC1uK/90632ff2879776cc56ae53cb585c8968/Naomi_Primary_1.jpg?fm=webp,Rebuilds hair protein structures ,hair care
123,Muse Apothecary ,Linen Spray,"Linen Ritual, Amber Cashmere",Laurel,"Amber, while, black ",,https://m.media-amazon.com/images/I/51302eVJsRL._AC_SL1500_.jpg,,air fresheners
124,AXE,Aluminum Free Deodorant,Mediterranean Cool,"Leaves, citrus fruit slices","Blue, green, black",Male,https://www.amazon.com/AXE-Deodorant-Mediterranean-deodorant-Essential/dp/B09R91KVDD,,deodorants
125,Handcraft Blends,Diffusable Essential Oil,Midnight,"Hotel, Art Deco Patterning","Black, Gold, White",,https://m.media-amazon.com/images/I/717nE7Cz85L._AC_SX679_.jpg,,air fresheners
126,Folkculture,Incense Sticks,Mystical Sea,"Lighthouse, Whale, Clouds, Sun","White, Black, Blue, Gold",,https://m.media-amazon.com/images/I/81zMOxypOyL._AC_SL1500_.jpg,,air fresheners
127,Folkculture,Incense Sticks,Mystical Sea,"Lighthouse, Whale, Clouds, Sun","White, Black, Blue, Gold",,https://m.media-amazon.com/images/I/81zMOxypOyL._AC_SL1500_.jpg,,air fresheners
128,Folkculture,Incense Sticks,Mystical Sea,"Lighthouse, Whale, Clouds, Sun","White, Black, Blue, Gold",,https://m.media-amazon.com/images/I/81zMOxypOyL._AC_SL1500_.jpg,,air fresheners
129,Folkculture,Incense Sticks,Mystical Sea,"Lighthouse, Whale, Clouds, Sun","White, Black, Blue, Gold",,https://m.media-amazon.com/images/I/81zMOxypOyL._AC_SL1500_.jpg,,air fresheners
130,Folkculture,Incense Sticks,Mystical Sea,"Lighthouse, Whale, Clouds, Sun","White, Black, Blue, Gold",,https://m.media-amazon.com/images/I/81zMOxypOyL._AC_SL1500_.jpg,,air fresheners
131,Folkculture,Incense Sticks,Mystical Sea,"Lighthouse, Whale, Clouds, Sun","White, Black, Blue, Gold",,https://m.media-amazon.com/images/I/81zMOxypOyL._AC_SL1500_.jpg,,air fresheners
132,uberlube,lube,neutral,,white ,,https://worldcondoms.com/products/uberlube-lubricant?variant=40734976901269&gclid=Cj0KCQjw-uK0BhC0ARIsANQtgGMXe6b5ei7tq2wCIBDccVuGsdQKI1YwhU4cq_VbYQr5hXp2dH8GJdEaAj4EEALw_wcB,,contraception & safe sex
133,Wet Platinum,Lube,neutral,,"red, silver, black",,https://worldcondoms.com/products/wet-platinum-premium-lubricant-nd?variant=41023385338005&gclid=Cj0KCQjw-uK0BhC0ARIsANQtgGM7bGL2sXZM5-dELZtoN69Dnk35SY0WEfYYUvzMutaUyjn2qQGdIPQaAt5KEALw_wcB,,contraception & safe sex
134,Lubido,Lubricant,neutral,bubbles,"blue, black, green",,https://worldcondoms.com/products/lubido-original-250ml?gclid=Cj0KCQjw-uK0BhC0ARIsANQtgGN8e41q0Xm88VomJ9Foa_Cu64dcmU005k2MWXUYM7SY1gcDel0vgaEaAnGnEALw_wcB&variant=986065534985,,contraception & safe sex
135,Liquid Silk,Personal Lubricant,neutral,Human line art,"white, black",,https://worldcondoms.com/products/liquid-silk-250ml?gclid=Cj0KCQjw-uK0BhC0ARIsANQtgGMJvyaJyejxtJS8bg1G-Qw3RINSi4mHXjNBR1i_h4roFVjXlHylJeQaAuYQEALw_wcB&variant=986065272841,,contraception & safe sex
136,Meguiar,Car Air Freshener,New Car,sky with clouds,"Blue, white, yellow",,https://www.meguiarsdirect.com/meguiars-whole-car-air-re-fresher-new-car-scent.html,,air fresheners
137,Shrine Drop It,Hair Dye,,Hair,"White, Dark Purple, Light Purple",Female,https://www.sallybeauty.com/hair-color/shop-by-type/semi-permanent-hair-color/purple-semi-permanent-hair-dye-drops/SBS-006538.html?_gl=1*1i1gs4a*_up*MQ..&gclid=CjwKCAjw1920BhA3EiwAJT3lSZmREaYH0REmtEBFvC5rhVmhD7vSnoXi1KZJCVasa8S3RtNxT8uehRoCq38QAvD_BwE,"Vegan, cruelty free",hair care
138,Ion,Hair Dye,,Triangles,"Silver, Gray, Black",,https://www.sallybeauty.com/hair-color/shop-by-color/bright-white-creme-toner-lavender-moon/SBS-405020.html?_gl=1*4lz0xa*_up*MQ..&gclid=CjwKCAjw1920BhA3EiwAJT3lSZmREaYH0REmtEBFvC5rhVmhD7vSnoXi1KZJCVasa8S3RtNxT8uehRoCq38QAvD_BwE,,hair care
139,Gillette,Razor,,bright orange packaging,"orange, black, yellow",Male,https://www.amazon.com/Gillette-Fusion5-Razor-Handle-Refills/dp/B06X9NWGBX?source=ps-sl-shoppingads-lpcontext&ref_=fplfs&psc=1&smid=ATVPDKIKX0DER,name Fusion 5 makes it sound cool,hair removal
140,Jeremy's Razors Sprint 3,Razor,,geometric pattern,"tan, black, blue",Male,https://www.amazon.com/Jeremys-Razors-Men-Lubricating-Essentials/dp/B0D2ZBJFQC,,hair removal
141,OneBlade Element,Razor,,Black,"black, silver",Male,https://www.onebladeshave.com/products/element-safety-razor?variant=42277792645177,women's oneblade products have different colorful options while men's come in monotone colors,hair removal
142,Gillette Venus,Razor,,,"light pink, blue, white",Female,https://www.cvs.com/shop/gillette-venus-sensitive-3-blade-disposable-razor-3-ct-prodid-1010304?skuId=313622&cgaa=QWxsb3dHb29nbGVUb0FjY2Vzc0NWU1BhZ2Vz,contrasts Gillette Fusion 5 product greatly,hair removal
143,OneBlade Dawn,Razor,,Pink packaging,"pink, orange",Female,https://www.onebladeshave.com/collections/razors/products/womens-razor-dawn?variant=41591832576057,,hair removal
144,World Condoms,"Glyde Dam, vaginal dam ",strawberry,,"Pink, blue, yellow gradient",Female,https://worldcondoms.com/products/sheer-glyde-dams-pink-strawberry?variant=34418078384277&gclid=CjwKCAjw7s20BhBFEiwABVIMrTqp1OMvnJaJ21gxqY_EyQComqjUSRWpmCGWx1JRAkDNCMmEF7F6MBoCb1sQAvD_BwE,,contraception & safe sex
145,Ella,Emergency contraception,,,"pink, purple, white",Female,https://telyrx.com/women-s/emergency-contraception?gad_source=1&gclid=CjwKCAjw7s20BhBFEiwABVIMrXcZidiW7oaqqeJv9k0CQ5Juhy3Yjm_nQue1j5I0amjaD_c0h_t4pBoCz2IQAvD_BwE,none,contraception & safe sex
146,Wisp,Emergency Contraceptive ,,,pink,,https://hellowisp.com/products/ella,"No gender*sex indicated, but pink packaging targets cis gendered females",contraception & safe sex
147,Ormelle,Female condom,,Female gender symbol,"Pink, white, light brown",Female,https://worldcondoms.com/products/ormelle-female-condoms-box-6?variant=43829940977899,none,contraception & safe sex
148,So Sexy ,female condom,,Naked woman,"Pink, white, black",Female,https://worldcondoms.com/products/so-sexy-female-condom-box-3?variant=40656086237333,none,contraception & safe sex
149,Uniq Air,Female condom ,,Female gender symbol,"Light blue, black, white",Female,https://worldcondoms.com/products/uniq-air-female-condom-box-3?variant=42161191059691,"No latex, hypoallergenic ",contraception & safe sex
150,Pasante,Internal condom,,,"green, yellow, white",Female,https://worldcondoms.com/collections/female-condoms/products/pasante-female-condoms?variant=34418114527381,insertion instructions on package,contraception & safe sex
151,Trust Dam,Latex Dental Damn,,Red Lips,"Red, purple, yellow",,https://worldcondoms.com/collections/dental-dams/products/trust-dam-latex-dental-dam?variant=44015518417131,"flavors: Banana, grape, mint strawberry, vanilla",contraception & safe sex
152,Nurx,Loryna - emergency contraception,,Rx heart ,"Pink, white",Female,https://www.nurx.com/birth-control/combination-pill/loryna/?g_acctid=687-940-1110&g_adgroupid=&g_adid=&g_adtype=none&g_campaign=sxh_birth-control_pmax_new-requests_pmax-match_all-products_catch-all-pixel&g_campaignid=17435660851&g_keyword=&g_keywordid=&g_network=x&utm_campaign=sxh_birth-control_pmax_new-requests_pmax-match_all-products_catch-all-pixel&utm_content=bc&utm_medium=search&utm_source=google&utm_term=&gclid=CjwKCAjw7s20BhBFEiwABVIMrd2mEUxSBRAueG12wr2A48NMevQ52GzREddW8Sn-m4SVNO3ScLJBnhoCofIQAvD_BwE,,contraception & safe sex
153,Hathor Aphrodisia Lubricant,Lubricant,,"Flowers, heart","Grey, White, Hot Pink",,https://weloveshag.com/products/hathor-original-lube,Formulated with 7 simple botanical ingredients,contraception & safe sex
154,Durex Play Warming Gel,Lubricant,,,"White, Orange",,https://www.durexusa.com/products/durex-massage-play-2-in-1-lubricant-6-76-oz-sensual-with-ylang-ylang,Tease me is transparent ,contraception & safe sex
155,Kenashii Nose Wax Kit,nose wax ,,Male face,"blue, white, red",Male,https://m.media-amazon.com/images/I/91-colXF7yL._SX679_.jpg,,hair removal
156,Charmonic Nose Wax Kit,nose wax ,,"Male face, man's nose, smiling man","yellow, white",Male,https://m.media-amazon.com/images/I/51iuBN3CQ8L._SX300_SY300_QL70_FMwebp_.jpg,,hair removal
157,Kitsch,Razor,,,"pale pink, black",,https://www.ulta.com/p/perfect-glide-safety-razor-pimprod2037039?sku=2606295&cmpid=PS_Non!google!Product_Listing_Ads&utm_source=google&utm_medium=paidsearch&CAWELAID=330000200002983212&srsltid=AfmBOooy9DHU6ybjsN6EW4IcqXzfr9UhONSbLqheBQlPkKwJCwDQZeQvpDg,not outright branded women yet models they show are only women,hair removal
158,Sugardoh Sugar Waxing Kit Women,sugar wax,,women using product,"tan, white, brown",Female,https://m.media-amazon.com/images/I/61xmQOqdmiL._SX679_.jpg,"Only 3 ingredients, no heating required, viral on TikTok, easy to clean",hair removal
159,Luxury pro,sugar wax,,butterfly ,"white, orange, red",,https://m.media-amazon.com/images/I/41Di3u0LCmL._SX300_SY300_QL70_FMwebp_.jpg,not tested on animals its organic no professional skills required,hair removal
160,VCF,Vaginal Contraceptive Film,,silhouette of woman's lower half of body ,"pink, blue, white",Female,https://www.amazon.com/VCF-Vaginal-Contraceptive-Single-Sealed/dp/B000GGT8X8,hormone free,contraception & safe sex
161,Sally Hanson,wax strip kit,,"Smiling woman, flower, coconut","purple, orange",,https://m.media-amazon.com/images/I/81Pw1bSv5SL._SX679_.jpg,"infused with coconut, marula oil, mentions ""bikini"" area",hair removal
162,Ajoura Wax Beans,waxing beads,,"cartoon female characters, one male, coconuts, palm trees, tropical beach","pink, brown, yellow",,https://m.media-amazon.com/images/I/71n72nRUgZL._SX679_.jpg,"emphasizes beach skin areas, bikini, etc.",hair removal
163,Bella Verde waxing kit ,"waxing beads, melting pot",,Colorful beads,"blue, green, pink",,https://m.media-amazon.com/images/I/51vpmOdt21L._SX300_SY300_QL70_FMwebp_.jpg,,hair removal
164,Nad's Men Wax Strips,waxing strips,,"Male back, male chest, male hands",light blue,Male,https://m.media-amazon.com/images/I/81+7b4TIQML._SX679_.jpg,,hair removal
165,Nad's Facial waxing strips,waxing strips,,"a woman, shea butter tree nuts","white, green, brown",Female,https://m.media-amazon.com/images/I/71oNHsvAzhL._SX679_.jpg,"quick, easy to use, made with shea butter, all skin types, hypoallergenic",hair removal
166,Schick Hydro Silk Sugar Wax Roller,waxing with a roll on applicator,,"Female legs, crotch","pink, turquoise, light blue",,https://m.media-amazon.com/images/I/41SpSP8NZTL._SX300_SY300_QL70_FMwebp_.jpg,"roll-on wax with microwave, mentions curves",hair removal
167,Trojan Naturalamb,Latex condoms ,,Gold crown,"Gold, brown, dark grey",,https://target.scene7.com/is/image/Target/GUEST_aa1cf0a0-b344-4b50-848e-3c1da95c1341?wid=1200&hei=1200&qlt=80&fmt=webp,,contraception & safe sex
168,Wisp,Levonorgestrel ,,,Pink,Female,https://hellowisp.com/products/plan-b,"Single emergency contraceptive pill $12, can also be purchased in bulk",contraception & safe sex
169, Intimate Kit ,Safe sex kit ,,,"white, black only ",,https://www.amazon.com/Intimate-Kit-Prophylactic-Technology-Intimacy/dp/B09M28QNXW,"Targeted to all gender*sexes, kit with essentials safe sex among individuals including condom, oral dam",contraception & safe sex
170,Redken,Frizz Dismiss Anti-Static Oil Mist ,,,"Orange, black",,https://www.redken.com/dw/image/v2/AAFM_PRD/on/demandware.static/-/Sites-ppd-redken-master-catalog/default/dw4fb98468/images/pdp/redken-frizz-dismiss-anti-static-hair-oil-mist.jpg?sw=1050&sh=1050&sm=cut&sfrm=png&q=90,"Ideal enhanced smoothness, frizz control",hair care
171,Harklinikken,Hair Mask,,,"White, silver",,https://harklinikken.com/cdn/shop/files/BYRDIE-AWARD-PDP.jpg?v=1718872431,Features olive oils,hair care
172,Dove,Scalp tonic,,,"White, green",,https://www.kroger.com/product/images/thumbnail/front/0007940047448,"Contains jojoba oil, aloe vera",hair care
173,Nécessaire ,Shampoo,,,"Peach, black",,https://necessaire.com/cdn/shop/products/01_THESHAMPOO_PDP_nobadge_651afbb8-b1fc-4e10-b8ae-93b8f803c9fe.jpg?v=1680717455&width=1400,"Contains hyaluronic acid, vitamin B3, vitamin B5",hair care
174,Braun series 9,Electric Razor,,Male face shaving,"silver, black",,https://a.co/d/jg6yKhQ,,hair removal
175,Panasonic,electric razor,,,"black, gray",,https://a.co/d/5wOilzL,,hair removal
176,Julie,Emergency Contraceptive,,,"Blue, pink, orange",Female,https://i5.walmartimages.com/seo/Julie-Emergency-Contraceptive-Pill-1-Count_a2a00c09-d39f-48c6-8b0e-9b859cd173c8.f7dcfea693229eaff6d2d112b9185cf7.jpeg?odnHeight=2000&odnWidth=2000&odnBg=FFFFFF,,contraception & safe sex
177,Notty Boy,Condom variety pack,,Explosion icon,"red, orange, blue",Male,https://www.amazon.com/NottyBoy-Condoms-Variety-Lubricated-Studded/dp/B07ZX1NJHP,"marketing promises male user that female partner will approve of or enjoy this option, also marketed as sustainably minded",contraception & safe sex
178,Artctic Fox,Hair Dye,,Fox,"White, Green, Pink",Female,https://www.sallybeauty.com/hair-color/shop-by-type/semi-permanent-hair-color/pastel-hour-semi-permanent-hair-color/ARTFOX3.html?_gl=1*1qlcnoj*_up*MQ..&gclid=CjwKCAjw1920BhA3EiwAJT3lSZmREaYH0REmtEBFvC5rhVmhD7vSnoXi1KZJCVasa8S3RtNxT8uehRoCq38QAvD_BwE,"Cruelty free, donate 15% of profits",hair care
179,Hello Cake ,Lube,,,"light purple, dark purple, white",Female,https://www.walmart.com/ip/Hello-Cake-Water-Based-Organic-Vaginal-Lubricant-3-3-fl-oz/1661660416,specifically mentions product to be beneficial women ,contraception & safe sex
180,Intimate Rose,personal lube,,purple rose,"purple, white",Female,https://www.intimaterose.com/products/personal-water-based-lubricant?variant=22571478659&gad_source=1&gclid=Cj0KCQjw-uK0BhC0ARIsANQtgGN8bpaZl8XPp57qmd4pU2zrNEI8UxuB1y4B5SvubHOq4Px7c02jjIEaAqJNEALw_wcB,,contraception & safe sex
181,Union,Small size condom,,,"brown, gray",Male,https://www.amazon.com/UNION-SNUG-Snug-Fitting-Premium-12-Count/dp/B09RY659XB,"market to variety of body sizes with respectful naming (i.e ""snug"" is smallest size)",contraception & safe sex
182,DoMe,stimulating gel ,,legs,"red, white, black",,https://www.amazon.com/Premium-Female-Arousal-Gel-Intensifies/dp/B013854BQM,,contraception & safe sex
183,Aveeno,Conditioner,Oat Milk,Oat sprigs,"Beige, green ",,https://m.media-amazon.com/images/I/41SFpl17fCL._AC_.jpg,,hair care
184,"Bath, Body Works",Car fragrance,Ocean,,"Light blue, white, black",Male,https://www.bathandbodyworks.com/p/ocean-car-fragrance-refill-028000734.html,"I thought that this was neutral at first, but it is categorized in men’s section.",air fresheners
185,Suave,Conditioner,Ocean Breeze,"Ocean spray, palm fronds","Blue, yellow, green",,https://salsify-ecdn.com/images/9d38131511d954e134418ba4ddea283d.jpg,,hair care
186,Folkculture,Diffusable Essential Oils,Ocean Salt,"Whale, Hand, Stars","Amber, Black, Blue",,https://m.media-amazon.com/images/I/81j7bncRwwL._AC_SL1500_.jpg,Part of a 6 pack,air fresheners
187,Folkculture,Diffusable Essential Oils,Ocean Salt,"Whale, Hand, Stars","Amber, Black, Blue",,https://m.media-amazon.com/images/I/81j7bncRwwL._AC_SL1500_.jpg,Part of a 6 pack,air fresheners
188,Folkculture,Diffusable Essential Oils,Ocean Salt,"Whale, Hand, Stars","Amber, Black, Blue",,https://m.media-amazon.com/images/I/81j7bncRwwL._AC_SL1500_.jpg,Part of a 6 pack,air fresheners
189,Folkculture,Diffusable Essential Oils,Ocean Salt,"Whale, Hand, Stars","Amber, Black, Blue",,https://m.media-amazon.com/images/I/81j7bncRwwL._AC_SL1500_.jpg,Part of a 6 pack,air fresheners
190,Folkculture,Diffusable Essential Oils,Ocean Salt,"Whale, Hand, Stars","Amber, Black, Blue",,https://m.media-amazon.com/images/I/81j7bncRwwL._AC_SL1500_.jpg,Part of a 6 pack,air fresheners
191,Folkculture,Diffusable Essential Oils,Ocean Salt,"Whale, Hand, Stars","Amber, Black, Blue",,https://m.media-amazon.com/images/I/81j7bncRwwL._AC_SL1500_.jpg,Part of a 6 pack,air fresheners
192,OdoBan,Air Freshener - Spray,Orange,Orange fruit,"Orange, Green, White",,https://www.homedepot.com/p/OdoBan-10-oz-Orange-Real-Citrus-Air-Freshener-Spray-Citrus-Oil-Natural-Air-Freshener-Room-Deodorizer-Toilet-Spray-2-Pack-9793D70-10A2/318042489?source=shoppingads&locale=en-US&srsltid=AfmBOoquUNKqySUrVUTDgtCEzGwkDDmDv2mHe2qTWNv8RDMvlYwlKEgafrQ,,air fresheners
193,Citrus Magic,Air freshener spray,Orange Blast,Oranges,"Orange, white",,https://www.amazon.com/Citrus-Magic-Natural-Eliminating-Freshener/dp/B00DYVP36I?source=ps-sl-shoppingads-lpcontext&ref_=fplfs&psc=1&smid=ATVPDKIKX0DER,,air fresheners
194,Folkculture,Diffusable Essential Oils,Orange Blossom,"Cow Skull, Moon Phases","Amber, Pink, Black ",,https://m.media-amazon.com/images/I/81j7bncRwwL._AC_SL1500_.jpg,Part of a 6 pack,air fresheners
195,Folkculture,Diffusable Essential Oils,Orange Blossom,"Cow Skull, Moon Phases","Amber, Pink, Black ",,https://m.media-amazon.com/images/I/81j7bncRwwL._AC_SL1500_.jpg,Part of a 6 pack,air fresheners
196,Folkculture,Diffusable Essential Oils,Orange Blossom,"Cow Skull, Moon Phases","Amber, Pink, Black ",,https://m.media-amazon.com/images/I/81j7bncRwwL._AC_SL1500_.jpg,Part of a 6 pack,air fresheners
197,Folkculture,Diffusable Essential Oils,Orange Blossom,"Cow Skull, Moon Phases","Amber, Pink, Black ",,https://m.media-amazon.com/images/I/81j7bncRwwL._AC_SL1500_.jpg,Part of a 6 pack,air fresheners
198,Folkculture,Diffusable Essential Oils,Orange Blossom,"Cow Skull, Moon Phases","Amber, Pink, Black ",,https://m.media-amazon.com/images/I/81j7bncRwwL._AC_SL1500_.jpg,Part of a 6 pack,air fresheners
199,Folkculture,Diffusable Essential Oils,Orange Blossom,"Cow Skull, Moon Phases","Amber, Pink, Black ",,https://m.media-amazon.com/images/I/81j7bncRwwL._AC_SL1500_.jpg,Part of a 6 pack,air fresheners
200,Tussy,deodorant,Original Fresh Spice,,"Red, white, blue",,https://www.amazon.com/Tussy-Roll-Antiperspirant-Deodorant-Original/dp/B001B2S2PG,,deodorants
201,Febreze Car,Car Air Freshener,Paradise,"Car, green flower, droplets","Black, green, white",,https://www.amazon.com/Febreze-Freshener-Unstopables-Paradise-Eliminator/dp/B08QG2L3FQ,,air fresheners
202,Febreze Car,Car Air Freshener,Paradise,"Car, green flower, droplets","Black, green, white",,https://www.amazon.com/Febreze-Freshener-Unstopables-Paradise-Eliminator/dp/B08QG2L3FQ,,air fresheners
203,TRESemmé,Hair Spray,"Pear, apple, peach",,"Black, gold",,https://cdn.sanity.io/images/4nopozul/tresemme-staging-us/91e08f816e01e8564db2c97daf30e6772988ff03-5000x5000.tif?w=450&h=450&fit=fill&auto=format&q=80&bg=fff,"Ideal eliminating humidity, achieve maximum hold",hair care
204,Classic Erotica,Feminine Spray,Peony,small flower,"white, pink",Female,https://www.pinkcherry.com/cdn/shop/products/media_984f284c-0811-4a40-80fe-9a896ff3c0b8.jpg?v=1636807832&width=990,,contraception & safe sex
205,Classic Erotica,Feminine Spray,Peony,small flower,"white, pink",Female,https://www.pinkcherry.com/cdn/shop/products/media_984f284c-0811-4a40-80fe-9a896ff3c0b8.jpg?v=1636807832&width=990,,contraception & safe sex
206,Lume,Solid Stick Deodorant ,Peony Rose,,"Pink, White, Orange",,https://lumedeodorant.com/products/peony-rose-solid-deodorant-stick,,deodorants
207,Meguiar,Car Air Freshener,Piña Colada,"Pineapple, clouds","Yellow, white, black",,https://www.meguiarsdirect.com/meguiars-whole-car-air-refresher-pina-colada-scent.html,,air fresheners
208,Fa,deodorant,Pink Passion (Rose),Flowers,"Pink, white",,https://www.facosmetics.com/fa-roll-on-deodorants/pink-passion/,,deodorants
209,Folkculture,Incense Sticks,Pixie Island,"Trees, Dragonfly, Moon, Eye","Black, Green, Gold",,https://m.media-amazon.com/images/I/81zMOxypOyL._AC_SL1500_.jpg,,air fresheners
210,Folkculture,Incense Sticks,Pixie Island,"Trees, Dragonfly, Moon, Eye","Black, Green, Gold",,https://m.media-amazon.com/images/I/81zMOxypOyL._AC_SL1500_.jpg,,air fresheners
211,Folkculture,Incense Sticks,Pixie Island,"Trees, Dragonfly, Moon, Eye","Black, Green, Gold",,https://m.media-amazon.com/images/I/81zMOxypOyL._AC_SL1500_.jpg,,air fresheners
212,Folkculture,Incense Sticks,Pixie Island,"Trees, Dragonfly, Moon, Eye","Black, Green, Gold",,https://m.media-amazon.com/images/I/81zMOxypOyL._AC_SL1500_.jpg,,air fresheners
213,Folkculture,Incense Sticks,Pixie Island,"Trees, Dragonfly, Moon, Eye","Black, Green, Gold",,https://m.media-amazon.com/images/I/81zMOxypOyL._AC_SL1500_.jpg,,air fresheners
214,Folkculture,Incense Sticks,Pixie Island,"Trees, Dragonfly, Moon, Eye","Black, Green, Gold",,https://m.media-amazon.com/images/I/81zMOxypOyL._AC_SL1500_.jpg,,air fresheners
215,Secret,Deodoran,Powder fresh,"Pink flower, blue flower","Pastel pink, pink, pastel blue",,https://www.cvs.com/shop/secret-antiperspirant-roll-on-powder-fresh-1-8-oz-prodid-708156,,deodorants
216,Suave,Deodorant,Powder fresh,Pink ribbon,"Pink, light pink, light blue",Female,https://www.amazon.com/Suave-Powder-Roll-Deodorant-2-7/dp/B0002FCB3M,,deodorants
217,Mitchum,deodorant,Powder fresh,,"Pastel green, light yellow, pink",Female,https://www.walmart.com/ip/Mitchum-Women-Powerful-Anti-Sweat-Antiperspirant-Deodorant-Roll-On-Powder-Fresh-1-7oz/35067465,,deodorants
218,Sol De Janiero ,Aluminum-Free Deodorant ,Rio Deo,,"Tangerine, White, Grey ",,https://soldejaneiro.com/products/rio-deo-aluminum-free-deodorant,,deodorants
219,L'Oreal Paris,Weightless Blow Dry Primer,Rose,,"Purple, black",,https://www.lorealparisusa.com/-/media/project/loreal/brand-sites/oap/americas/us/products/hair-style/hair-protectant/everpure-sulfate-free-weightless-blow-dry-primer-heat-protectant/sulfate-free-weightless-blow-dry-primer-heat-protectant/071249650257-t1.png?rev=436c20642bcc46acbab3fe5d3629eda4,Provides up to 450F heat protection,hair care
220,Folkculture,Diffusable Essential Oils,Rose Plum,"Flowers, Moon, Dragonfly","Amber, Yellow, Black ",,https://m.media-amazon.com/images/I/81j7bncRwwL._AC_SL1500_.jpg,Part of a 6 pack,air fresheners
221,Folkculture,Diffusable Essential Oils,Rose Plum,"Flowers, Moon, Dragonfly","Amber, Yellow, Black ",,https://m.media-amazon.com/images/I/81j7bncRwwL._AC_SL1500_.jpg,Part of a 6 pack,air fresheners
222,Folkculture,Diffusable Essential Oils,Rose Plum,"Flowers, Moon, Dragonfly","Amber, Yellow, Black ",,https://m.media-amazon.com/images/I/81j7bncRwwL._AC_SL1500_.jpg,Part of a 6 pack,air fresheners
223,Folkculture,Diffusable Essential Oils,Rose Plum,"Flowers, Moon, Dragonfly","Amber, Yellow, Black ",,https://m.media-amazon.com/images/I/81j7bncRwwL._AC_SL1500_.jpg,Part of a 6 pack,air fresheners
224,Folkculture,Diffusable Essential Oils,Rose Plum,"Flowers, Moon, Dragonfly","Amber, Yellow, Black ",,https://m.media-amazon.com/images/I/81j7bncRwwL._AC_SL1500_.jpg,Part of a 6 pack,air fresheners
225,Folkculture,Diffusable Essential Oils,Rose Plum,"Flowers, Moon, Dragonfly","Amber, Yellow, Black ",,https://m.media-amazon.com/images/I/81j7bncRwwL._AC_SL1500_.jpg,Part of a 6 pack,air fresheners
226,MIELLE,Hair & Scalp strengthening oil,Rosemary Mint,,"green, pink, brown",Female,https://www.ulta.com/p/rosemary-mint-scalp-hair-strengthening-oil-pimprod2033947?sku=2601408&cmpid=ps_non%21google_PSG_MassHair_Mielle&utm_source=google&utm_medium=paidsearch&CAWELAID=330000200003131640&CATRK=SPFID-1&CAAGID=156917934671&CATCI=kwd-821374668475&CAPCID=704572086675&CADevice=c&gad_source=1&gclid=Cj0KCQjw1qO0BhDwARIsANfnkv8Zn5yvyfR-qnkmr8VQHygPMYQWZiMdzLh8GWTi4FmpKXAEtvXJZ9UaAmq1EALw_wcB,,hair care
227,Salt & Stone,Natural Deodorant ,"Santal, Vetiver",,"Tan, Black ",,https://www.saltandstone.com/products/natural-deodorant?variant=42738010095866&currency=USD&utm_medium=product_sync&utm_source=google&utm_content=sag_organic&utm_campaign=sag_organic&srsltid=AfmBOopyRSIvfQ5IipuJnr4NOCQqla0izNC4qv8dNxl9ZcmEJZVhWOtSnjk,,deodorants
228,Dior,Stick Deodorant,Sauvage,,"Black, White",,https://www.dior.com/en_us/beauty/products/sauvage-F001802000.html?gad_source=4&gbraid=0AAAAADyjeu0NdfOcSXX3eT8veBXct4aq1&gclid=Cj0KCQjws560BhCuARIsAHMqE0HqI9X_TnxiEawIctFiJQ__8EFjfEyDTvhtNbj7ltIIzGJTnSv7WXUaAvMrEALw_wcB&gclsrc=aw.ds,,deodorants
229,Wiling Revolution,Hairspray ,Sea Salt,Paint splatter,"Turquoise, black, white",Male,https://images.app.goo.gl/M3xBTvZMgrFBKn5n6,,hair care
230,KoulaWax Hard Wax Beads,waxing beads,"Sea salt, Surf","bikini cut out, beads, woman's hip","blue, black, peach",Female,https://m.media-amazon.com/images/I/613WcatZ2SL._SX679_.jpg,"emphasizes beach skin areas, bikini, etc.",hair removal
231,Saltair,Serum Deodorant ,Seascape,,"Light Blue, White",,https://saltair.com/products/seascape-serum-deodorant?srsltid=AfmBOoq2CHHPSBDufw5AWwpUL6gRgOPEQ-9XsM6FR-zR-3VDnHGo6oLDkzg&variant=43320562188495,,deodorants
232,MELANIN ,Hair Gel ,Shea Butter,,"White, Black, Cream ",Female,https://melaninhaircare.com/products/twist-elongating-style-cream,"No Sulfates, No Parabens, No Mineral Oils, No Formaldehydes, No Phthalates ",hair care
233,Garnier,Curl Shape Spray Gel,"Shea Butter, coconut","Coconut, water","Green, purple, white",,https://www.garnierusa.com/-/media/project/loreal/brand-sites/garnier/usa/us/products/fructis-style/curl/2023/curl-shape/front-pack-shot-jpg.jpg?w=500&rev=9c47f0b5ee554daeaf7b3925f8174308&hash=58D5D1165B243BCA917785BD4313741F,"Provides shiny, defined curls",hair care
234,Mitchum,Deodorant,Shower Fresh,,"green, purple, pink, white",Female,https://www.ebay.com/itm/325620202773?chn=ps&mkevt=1&mkcid=28&com_cvv=d30042528f072ba8a22b19c81250437cd47a2f30330f0ed03551c4efdaf3409e,,deodorants
235,Athena Club,Deodorant,Solar Disco ,,"White, Blue",,https://athenaclub.com/products/all-day-deo?otp=1&gad_source=1&gbraid=0AAAAADDVwxC1DQtKY5_LKwyJcLb1v1YD_&gclid=Cj0KCQjws560BhCuARIsAHMqE0GNNCGTLzVuzYhiXuuCd7ODTok0wlVHuBPwjVBgyYmjwHKSPiRcvVwaAtYoEALw_wcB&variant=45551134572828,,deodorants
236,Sensuva,Throat Numbing Spray,Spearmint,,"light green, silver",Female,https://www.pinkcherry.com/cdn/shop/files/media_fd42e3bb-7b72-477d-94da-c07ce77ea5e0.jpg?v=1712208787&width=990,,contraception & safe sex
237,Enviroscent,Plug-In Air Freshener,"Spring Water, Lotus",Lotus flower,"Blue, Green",,https://m.media-amazon.com/images/I/71Hs4cUvskL._AC_SX425_.jpg,,air fresheners
238,Air Spencer,Air Freshener - Car,Squash Scent,,"Black, blue, white",,https://www.amazon.com/Air-Spencer-CS-X3-Freshener-Refill/dp/B00FFRSWYE,,air fresheners
239,Zumiez,Hanging air freshener,Strawberry,Pink boots,"Pink, light pink, light blue",Female,https://www.zumiez.com/make-scents-bootin-air-freshener.html,"Pink appeared to be women as they are women’s boots, but it is in men’s section ",air fresheners
240,Sensuva,Nipple Balm,"Strawberry, Mint",Bare female chest,"white, light blue",,https://www.pinkcherry.com/cdn/shop/products/media_984f284c-0811-4a40-80fe-9a896ff3c0b8.jpg?v=1636807832&width=990,,contraception & safe sex
241,Sensuva,Nipple Balm,"Strawberry, Mint",Bare female chest,"white, light blue",,https://www.pinkcherry.com/cdn/shop/products/media_984f284c-0811-4a40-80fe-9a896ff3c0b8.jpg?v=1636807832&width=990,,contraception & safe sex
242,Suave,Shampoo,"Strawberry, peach","Strawberries, flowers ","Pink, red, green",,https://www.suave.com/cdn/shop/files/65744884-079400495983-01.png.rendition.767.767.png?v=1698338765,"Vitamin E infused shampoo cleanses, refreshes hair",hair care
243,Vegamour,GRO Hair serum,herbal,,"Light pink, gold, brown",Female,https://vegamour.com/products/gro-hair-serum-3-pack?utm_source=google&utm_medium=cpc&utm_campaign=17720104969&utm_content=&utm_term=20off--&gad_source=4&gclid=Cj0KCQjw1qO0BhDwARIsANfnkv8N1sdDGlJAIRiobuARXpyJKHLpRwPPwnoec8-eaLBkK-aOdH6L-5kaAqxrEALw_wcB,,hair care
244,Meguiar,Car Air Freshener,Summer Breeze,"Sky with clouds, a breeze","Blue, white",,https://www.meguiarsdirect.com/meguiars-whole-car-air-re-fresher-summer-breeze-scent.html,,air fresheners
245,Nair,Face Cream,Sweet Almond,"Almonds, leaves","beige, blue, yellow",,https://target.scene7.com/is/image/Target/GUEST_3ab857c3-2f92-4fde-b916-7c14ba061ab9?wid=1200&hei=1200&qlt=80&fmt=webp,none,hair removal
246,Avon,deodorant,Sweet Honesty,,"Pink, white",Female,https://joesbeauty.com/roll-on-women-sweet-honesty-by-avon-26-oz-21289.html,,deodorants
247,Neutrogena,Conditioner ,tea tree,,"Green, black",,https://ntg-catalog.imgix.net/products/4067805-2023-carousel-1-2.webp?fm=jpg&auto=format&w=1200&h=1443&fit=crop,"Ideal dry, uncomfortable scalp, hair",hair care
248,OGX,Conditioner,"tea tree, mint",Leaves,"Bright green, gold",,https://i5.walmartimages.com/seo/Hydrating-Tea-Tree-Mint-Scalp-Conditioner_ec85eb8e-a6db-4a8c-bcc7-7d773228a2c9.efca68435899d839dd9c093c8c0d00c3.jpeg,,hair care
249,Renpure,Conditioner,"Tea tree, rosemary","Flower, leaves","pale green, light green, dark green",,https://target.scene7.com/is/image/Target/GUEST_cf0c4a7b-82f1-4240-98d4-a756d23b6c70?wid=488&hei=488&fmt=pjpeg,,hair care
250,Folkculture,Incense Sticks,Tree of Life,"Tree, Moth, Sun","Black, Green, Gold",,https://m.media-amazon.com/images/I/81zMOxypOyL._AC_SL1500_.jpg,,air fresheners
251,Folkculture,Incense Sticks,Tree of Life,"Tree, Moth, Sun","Black, Green, Gold",,https://m.media-amazon.com/images/I/81zMOxypOyL._AC_SL1500_.jpg,,air fresheners
252,Folkculture,Incense Sticks,Tree of Life,"Tree, Moth, Sun","Black, Green, Gold",,https://m.media-amazon.com/images/I/81zMOxypOyL._AC_SL1500_.jpg,,air fresheners
253,Folkculture,Incense Sticks,Tree of Life,"Tree, Moth, Sun","Black, Green, Gold",,https://m.media-amazon.com/images/I/81zMOxypOyL._AC_SL1500_.jpg,,air fresheners
254,Folkculture,Incense Sticks,Tree of Life,"Tree, Moth, Sun","Black, Green, Gold",,https://m.media-amazon.com/images/I/81zMOxypOyL._AC_SL1500_.jpg,,air fresheners
255,Folkculture,Incense Sticks,Tree of Life,"Tree, Moth, Sun","Black, Green, Gold",,https://m.media-amazon.com/images/I/81zMOxypOyL._AC_SL1500_.jpg,,air fresheners
256,Durex Tropical,Condom,Tropical,"Fruit: strawberry,  orange, banana","Blue, green, yellow",Male,https://www.google.com/imgres?q=durex%20tropical&imgurl=https%3A%2F%2Fm.media-amazon.com%2Fimages%2FI%2F717sDKW8EBL._AC_UF1000%2C1000_QL80_.jpg&imgrefurl=https%3A%2F%2Fwww.amazon.com%2FDurex-Tropical-Flavored-Strawberry-Lubricated%2Fdp%2FB0745YLRPG&docid=T4b4QRoCtTMZ9M&tbnid=eppfFBV135vuYM&vet=12ahUKEwjn06S1mZOHAxXJEDQIHWWoDOQQM3oECBYQAA..i&w=542&h=1000&hcb=2&ved=2ahUKEwjn06S1mZOHAxXJEDQIHWWoDOQQM3oECBYQAA,,contraception & safe sex
257,Better Natured,Hair Dye,Tropical fruity,Floral pattern,"Black, Red, White",Female,https://www.sallybeauty.com/hair-color/shop-by-type/permanent-hair-color/4vv-medium-intense-violet-permanent-liqui-cr%C3%A8me-hair-color/SBS-019368.html?_gl=1*1yuv4nk*_up*MQ..&gclid=CjwKCAjw1920BhA3EiwAJT3lSZmREaYH0REmtEBFvC5rhVmhD7vSnoXi1KZJCVasa8S3RtNxT8uehRoCq38QAvD_BwE,"Vegan, plant milk blend, clean",hair care
258,Citrus Magic,Air freshener spray,Tropical Lemon,Lemons,"Yellow, white",,https://www.amazon.com/Citrus-Magic-Natural-Eliminating-Freshener/dp/B00FHXDVVK?source=ps-sl-shoppingads-lpcontext&ref_=fplfs&smid=ATVPDKIKX0DER&th=1,,air fresheners
259,T3,"AireBrush One-Step Smoothing, Volumizing Hair Dryer Brush",,,"white, black, rose gold",Female,https://www.ulta.com/p/airebrush-one-step-smoothing-volumizing-hair-dryer-brush-pimprod2040634?sku=2615449,,hair care
260,Tom's,Aluminum Free Deodorant,,,"Blue, green, white",,https://www.tomsofmaine.com/products/deodorant-antiperspirant/deodorant/unscented,,deodorants
261,Doc Johnson Golden Girl,Anal Jelly Lubricant,,Female butt,"Photo, yellow",Female,https://www.pinkcherry.com/cdn/shop/products/media_d5b6e12e-e095-427f-bee9-a9c089cc9c68.jpg?v=1571482857&width=990,,contraception & safe sex
262,Foria Wellness,Anal Relaxation Suppositories,,Flowers,Blush Pink,Female,https://www.foriawellness.com/cdn/shop/files/Intimacy-4-box-product-emerging-straight-on--1430_1600x.png?v=1687551314,,contraception & safe sex
263,Intimate Earth,"Anal Relaxing Serum, Gel",,,"Yellow, Gold, brown",,https://www.pinkcherry.com/cdn/shop/products/media_f386d09d-a5cf-4a44-a673-89cb86bbb945.jpg?v=1571484172&width=990,"No specific gender*sex indiciated, though traditional type of used as well as colors, design would speak more to females",contraception & safe sex
264,Sensuva,Anti-Bacterial Toy Cleaner,,,"White, Silver, Black",,https://www.pinkcherry.com/cdn/shop/products/media_b60e2587-42d0-4a22-9ea1-fe552c4b24d2.jpg?v=1636525837,Doesn't seem to be geared toward specific gender*sex,contraception & safe sex
265,System Jo,Clitoral Stimulant Gel,,,"Bright Pink, White",Female,https://www.pinkcherry.com/cdn/shop/products/media_ca468e20-f754-440f-9da8-34d86898bdb1.jpg?v=1571485058&width=990,,contraception & safe sex
266,Nad's,Cream,,Bare Male chest,"white, gray, blue",Male,https://target.scene7.com/is/image/Target/GUEST_6ba85c50-d1cb-4e90-9c04-6442d3a80574?wid=1200&hei=1200&qlt=80&fmt=webp,none,hair removal
267,PUPUPE,Cream,,,"white, red",,https://m.media-amazon.com/images/I/71E2BtxH5IL._SX679_.jpg,none,hair removal
268,SYABO,Cream,,,"mint, black",,https://m.media-amazon.com/images/I/51ZtjpesEsL._SX679_.jpg,none,hair removal
269,OUAI,CURL CRÈME,,,"Peach, black",,https://images.accentuate.io/?image=https%3A%2F%2Fcdn.accentuate.io%2F4828525658182%2F1614036540558%2FProduct-Curl-Creme-1-1600x1620.jpg%3Fv%3D0&c_options=w_1080,"Defines curls, tames frizz, adds shine",hair care
270,Mitchum,Deodorant,,,"green, light blue, white",Male,https://www.walgreens.com/store/c/mitchum-power-gel-anti-perspirant--deodorant-unscented/ID=prod3335494-product?com_cvv=d30042528f072ba8a22b19c81250437cd47a2f30330f0ed03551c4efdaf3409e,,deodorants
271,Mitchum,deodorant,,,"Dark Green, light blue, yellow",Male,https://www.walmart.com/ip/Mitchum-Men-Powerful-Anti-Sweat-Antiperspirant-Deodorant-Roll-On-Unscented-3-4-oz/34997900,,deodorants
272,Ban,Deodorant,,"rabbit, droplets","Lime green, dark green, light blue",,https://www.cvs.com/shop/ban-24-hour-antiperspirant-deodorant-roll-on-unscented-3-5-oz-prodid-356592,,deodorants
273,Clinique,deodorant,,,"Pastel green, black",,https://www.clinique.com/product/1686/5678/skincare/hand-body-care/antiperspirant-deodorant-roll-on?size=75ml,,deodorants
274,Eucerin,deodorant,,,"White, red, pink",,https://www.perfumesclub.us/en/eucerin/ph5-desodorante-roll-on/p_27697,,deodorants
275,Dr. Clark Store,deodorant,,,"Yellow, orange, pink",,https://drclarkstore.com/products/zinc-oxide-deodorant-roll-on-3-oz?variant=39941153292459,,deodorants
276,Morning After Pill Emergency Contraceptive,"Emergency Contraception,  Contraceptive",,,"Royal blue, white, light blue ",Female,https://www.amazon.com/Cadence-OTC-Emergency-Contraceptive-Levonorgestrel/dp/B0CV6X5WFQ,"Cadence OTC ( brand,  company of this morning after-pill) claims to be a Public Benefit Corporation, every purchase supports their efforts to donate essential healthcare products to colleges, clinics.",contraception & safe sex
277,Plan B One-Step,"Emergency Contraception,  Contraceptive ",,,"Blue, green, pink, white",Female,https://www.cvs.com/shop/plan-b-one-step-emergency-contraceptive-tablet-prodid-876669,"This is top OB, GYN recommended brand of emergency contraception.",contraception & safe sex
278,Julie ,"Emergency Contraception,  Contraceptive ",,large pink letters,"White, blue, pink",Female,https://www.cvs.com/shop/julie-emergency-contraceptive-tablet-prodid-278496,Julie has introduced a new two-count pack of its emergency contraception priced at $70.,contraception & safe sex
279,Aftera,"Emergency Contraception,  Contraceptive.",,"colorful mix of square, rectangular shapes","Pink, gray, white ",Female,https://www.cvs.com/shop/aftera-levonorgestrel-emergency-contraceptive-tablet-prodid-966195?skuId=966195&cgaa=QWxsb3dHb29nbGVUb0FjY2Vzc0NWU1BhZ2Vz," sooner you will take it, more effective it will be.",contraception & safe sex
280,EContra One-Step,Emergency Contraceptive ,,,"Light blue, white, light green ",Female,https://www.amazon.com/One-Step%C2%AE-Emergency-Contraceptive-Levonorgestrel-Compares/dp/B0CQBMT7FM,"According to EContra One-Step, you can start or resume your chosen method of birth control immediately with no waiting required.",contraception & safe sex
281,SheWise,Emergency Contraceptive ,,"big purple letters, flower ","Purple, pink, white ",Female,https://www.riteaid.com/shop/shewise-emergency-contraceptive-tablet-1-5mg,"Since Levonorgestrel is active ingredient, it is available over--counter, most effective when taken within 72 hours after intercourse. However, Ulipristal acetate requires a prescription, can be effective up to 5 days after an intercourse.",contraception & safe sex
282,ellaOne,Emergency Contraceptive ,,,"Yellow, purple, white, ",Female,https://www.ellaone.co.uk/all-you-need-to-know-about-taking-ellaone/,"According to ellaOne, in clinical trials, ellaOne has been shown to reduce pregnancy rates to just 9 in 1000 when taken within 24 hours of unprotected intercourse, thanks to Ulipristal Acetate.",contraception & safe sex
283,Sliquid ,Femine Wash,,,"Blue, light blue",Female,https://www.pinkcherry.com/cdn/shop/products/media_78c906b1-a890-4bfd-99e4-419f24b0a5ac.jpg?v=1571483045&width=990,,contraception & safe sex
284,White Rain,Hairspray,,,"White, blue, green",,https://www.amazon.com/White-Rain-Advanced-Formula-Extra/dp/B000GCXYNW?source=ps-sl-shoppingads-lpcontext&ref_=fplfs&psc=1&smid=A47UE61OAGKO4,,hair care
285,System Jo,Male Genital Desensitizing spray,,,"Black, Gold",Male,https://www.pinkcherry.com/cdn/shop/products/media_7ad3070d-3734-4a6d-b16e-f68956dc8f41.jpg?v=1710826127&width=990,,contraception & safe sex
286,Pound Stud 100,Male Genital Desensitizing Spray,,,"Black, image",Male,https://www.pinkcherry.com/cdn/shop/products/media_46e8ea28-dadb-4701-81a7-3e2bfa799fdf.jpg?v=1571483327&width=990,,contraception & safe sex
287,Levonorgestrel 1.5 mg tablet P,Morning After-pill,,,"White, pink, black ",Female,https://thelowdown.com/contraceptives/morning-after-pill,It claims to be 97-98% effective in preventing pregnancy.,contraception & safe sex
288,Ella,Morning after-pill ,,"large pink, blue letters","Purple, blue, pink ",Female,https://www.ella-now.com/,"Ella contains ulipristal acetate as its active ingredient, while other morning-after pills typically use levonorgestrel.",contraception & safe sex
289,Bloomi,Oil-Based Lubricant ,,,"Light blue, black",Female,https://thebloomi.com/cdn/shop/products/BloomiEssentials10_1680x.jpg?v=1662579828,,contraception & safe sex
290,IGK,Permanent color ,,Long pink hair ,"Pink, White, Black",,https://a.co/d/2kQDnI0,,hair care
291,Doc Johnson ie:Intimate Enhancements,"Personal Intimacy cream, gel, lubricant",,,"Purple, White, Black",Male,https://www.pinkcherry.com/cdn/shop/products/media_cd69fc58-e38a-407e-bc19-4348c92c6934.jpg?v=1712122296&width=990,"Type of product leads to male usage, not any words or verbiage directly on product cover",contraception & safe sex
292,New Earth Trading,Prostate Stimulating Gel,,Teal abstract lines,"Teal, Silver, Black",Male,https://www.pinkcherry.com/cdn/shop/products/media_626777c4-c612-444f-a4ca-3afc95844e12.jpg?v=1601530330&width=990,"Clearly indicated prostate, design would speak more traditionally towards male customers",contraception & safe sex
293,Billie,Razor,,,"coral, blue, orange",Female,https://www.amazon.com/Billie-Razors-Women-Shave-Kit/dp/B0CQ2YRH79,product is available in a variety of bright colors,hair removal
294,Good Dye Young,Semi-Permanent Hair Dye,,,"blue, brown, black",,https://a.co/d/7KQBaEP,,hair care
295,ie: Intimate Enhancements,"Sensitivity Enhancing Lubricant, Gel",,,"White, Light Blue, black",Female,https://www.pinkcherry.com/cdn/shop/files/6302c6cebc908ee1d9536885f500a685.jpg?v=1718689043&width=990,"While container itself isn't seemingly advertised to male or female, nor does it say it on product, product itself is clearly used female genitalia ",contraception & safe sex
296,Pure Romance,Silicone Based Lubricant,,,"Purple, light purple",,https://pureromance.com/cdn/shop/files/PurePleasure_web.png?v=1706302677,,contraception & safe sex
297,Aroused AF,Stimulation Intensifier Gel,,,"White, Dark Pink",,https://www.pinkcherry.com/cdn/shop/products/media_fc056ea0-0597-4780-a801-a15282c61cfd.jpg?v=1607754566&width=990,,contraception & safe sex
298,CHI,Styling ,,,"Black, Red, Gold",,https://chi.com/chi-products/chi-tools/chi-original-1-ceramic-hairstyling-iron/,,hair care
299,Kitsch,Styling Flexi Rods ,,,"rose pink, black, brown",Female,https://www.ulta.com/p/rosewood-satin-flexi-rods-pimprod2034437?sku=2598487,,hair care
300,OLAPLEX,styling hair shine,,,"gold, black",,https://www.amazon.com/dp/B07VR1NDSQ?tag=people-onsite-prod-20&ascsubtag=8385531%7Cn5c875759324f4abcac398d26cee8684b22%7CB07VR1NDSQ%7C1720305805520%7C%7C,,hair care
301,Pure Romance,Vaginal Tightening Cream,,,"Pink, Dark Pink",Female,https://pureromance.com/cdn/shop/products/PR_LikeAVirgin_05oz-tube_WEB_d189791d-572b-429e-a739-65f08bd432e4.png?v=1666258582,,contraception & safe sex
302,Wicked Sensual Care,Warming Intimate Toy Lubricant,,,"Grey, Red, Black",,https://www.pinkcherry.com/cdn/shop/products/media_06ad190e-5c8d-4c25-99af-8df2a96fa105.jpg?v=1686374937&width=990," look of, can reminds me of men's shaving cream - this could produce unintentional gender-specific bias",contraception & safe sex
303,Madison Reed,Permanent Hair Dye ,,Blond hair,"White, yellow",,https://a.co/d/5slwOl0,,hair care
304,Glyde ,Dental Dam,Vanilla,,"beige, purple, pink",Female,https://worldcondoms.com/collections/dental-dams/products/sheer-glyde-dams-creme-box-4?variant=31237280563340,"vegan, fda approved",contraception & safe sex
305,Woo,Lubricant,vanilla cupcakes,,"black, white ",,https://woomoreplay.com/products/coconut-love-oil?variant=43638858835&currency=USD&utm_medium=product_sync&utm_source=google&utm_content=sag_organic&utm_campaign=sag_organic&gad_source=1&gclid=Cj0KCQjw-uK0BhC0ARIsANQtgGNaWJuyg9DhfcEaHJ6fKppBrty2Pwug3u9PvJYhWLsK52Itd8XMDXoaAn7CEALw_wcB,,contraception & safe sex
306,Nad's,Body Butter,"Vanilla, Shea Butter",Female legs,"yellow, brown, white",,https://target.scene7.com/is/image/Target/GUEST_ce4f81ab-ee88-4094-93d5-2662486346cd?wid=1200&hei=1200&qlt=80&fmt=webp,none,hair removal
307,Completely Bare,Foaming Spray,"Volcanic Ash, Shea Butter",Female legs,"Purple, green, white",,https://target.scene7.com/is/image/Target/GUEST_c375553b-d87e-4acc-9121-805a71558cbe?wid=1200&hei=1200&qlt=80&fmt=webp,,hair removal
308,Handcraft Blends,Diffusable Essential Oils,Wanderlust,"Hotel, Art Deco Patterning","Black, Gold, White",,https://m.media-amazon.com/images/I/71-oi5W9c+L._AC_SX679_.jpg,,air fresheners
309,Nair,Facial Cream,Watermelon,Watermelons,"peach, pink, green",,https://target.scene7.com/is/image/Target/GUEST_4e42aab8-1af8-49eb-9f9d-cd6e25bce087?wid=1200&hei=1200&qlt=80&fmt=webp,none,hair removal
310,Little Genie Pro Blow,Flavored Oral Sex Gel,Watermelon,Watermelon,"Silver, Black, Pink",Male,https://www.pinkcherry.com/cdn/shop/products/media_95535df1-4ff0-4197-858b-da31b0adb770.jpg?v=1662010367&width=990," says use ""blow jobs"" indicating usage on male recipients ",contraception & safe sex
311,LubeLife WATER-BASED WATERMELON FLAVORED LUBRICANT,Lubricant,Watermelon,Watermelon,"Green, Red",,https://www.lubelife.com/products/watermelon-flavored-lubricant,"moto ""always wet, always juicy""",contraception & safe sex
312,Secret,Antiperspirant Dry Spray ,White Peach ,"Peaches, leaves ","White, Blue, Light Orange ",,https://secret.com/en-us/shop/antiperspirant-dry-spray/white-peach,,deodorants
313,Folkculture,Diffusable Essential Oils,"White Sage, Mint","Stars, Crystal Ball, Third Eye","Amber, Green, Black ",Female,https://m.media-amazon.com/images/I/81j7bncRwwL._AC_SL1500_.jpg,Part of a 6 pack of scents,air fresheners
314,Folkculture,Diffusable Essential Oils,"White Sage, Mint","Stars, Crystal Ball, Third Eye","Amber, Green, Black ",Female,https://m.media-amazon.com/images/I/81j7bncRwwL._AC_SL1500_.jpg,Part of a 6 pack of scents,air fresheners
315,Folkculture,Diffusable Essential Oils,"White Sage, Mint","Stars, Crystal Ball, Third Eye","Amber, Green, Black ",Female,https://m.media-amazon.com/images/I/81j7bncRwwL._AC_SL1500_.jpg,Part of a 6 pack of scents,air fresheners
316,Folkculture,Diffusable Essential Oils,"White Sage, Mint","Stars, Crystal Ball, Third Eye","Amber, Green, Black ",Female,https://m.media-amazon.com/images/I/81j7bncRwwL._AC_SL1500_.jpg,Part of a 6 pack of scents,air fresheners
317,Folkculture,Diffusable Essential Oils,"White Sage, Mint","Stars, Crystal Ball, Third Eye","Amber, Green, Black ",Female,https://m.media-amazon.com/images/I/81j7bncRwwL._AC_SL1500_.jpg,Part of a 6 pack of scents,air fresheners
318,Folkculture,Diffusable Essential Oils,"White Sage, Mint","Stars, Crystal Ball, Third Eye","Amber, Green, Black ",Female,https://m.media-amazon.com/images/I/81j7bncRwwL._AC_SL1500_.jpg,Part of a 6 pack of scents,air fresheners
319,Speed Stick,Deodorant,Xtreme Fresh,,"blue, gray, green",Male,https://www.ebay.com/itm/405024604596?chn=ps&norover=1&mkevt=1&mkrid=711-166974-028196-7&mkcid=2&mkscid=101&itemid=405024604596&targetid=2314589495274&device=c&mktype=pla&googleloc=9018833&poi=&campaignid=20900338485&mkgroupid=161358709818&rlsatarget=pla-2314589495274&abcId=9363745&merchantid=6296724&geoid=9018833&gad_source=4&gclid=Cj0KCQjw-ai0BhDPARIsAB6hmP7Th8SzO9YaAgIO9OgYFtKFY708Exir-lhMxcoXCCkSDo7RR14xJ-UaAqRXEALw_wcB,,deodorants
320,Iroiro,Hair Dye,Yuzu cranberry,,"Gray, Blue",,https://www.sallybeauty.com/hair-color/shop-by-type/permanent-hair-color/30-violet-premium-natural-semi-permanent-hair-color/SBS-005924.html?_gl=1*1yuv4nk*_up*MQ..&gclid=CjwKCAjw1920BhA3EiwAJT3lSZmREaYH0REmtEBFvC5rhVmhD7vSnoXi1KZJCVasa8S3RtNxT8uehRoCq38QAvD_BwE,"Vegan, cruelty free",hair care
321,PALMPERFECT Electric Shaver Women, Electric Shaver,,Razors,"purple, green, pink",Female,https://a.co/d/7576f9T,,hair removal
322,maxpearl hair remover men,"Beads, melting pot, digital ",,Bare Male chest,"grey, white, black",Male,https://m.media-amazon.com/images/I/5187OdUIHBL._SX300_SY300_QL70_FMwebp_.jpg,"long lasting, softens hair, less grows back",hair removal
323,Kotamu waxing kit ,"Beads, melting pot, digital ",,"People getting waxed, multiple women getting waxed","tan, white, black",,https://m.media-amazon.com/images/I/516K02tl1gL._SX300_SY300_QL70_FMwebp_.jpg,"vegan, organic, painless, easy to use",hair removal
324,Phillips Norelco Oneblade,"beard, hair trimmer",,Razor head,"green, yellow",,https://a.co/d/8KewFnR,,hair removal
325,Phillips Norelco Oneblade,"beard, hair trimmer",,Razor head,"green, yellow",,https://a.co/d/8KewFnR,,hair removal
326,Phillips Norelco Oneblade,"beard, hair trimmer",,Razor head,"green, yellow",,https://a.co/d/8KewFnR,,hair removal
327,Keyshine,body hair trimmer,,,"Black, Blue, silver",Male,https://a.co/d/3qq2M2M,,hair removal
328,Hairitage,Conditioner,,Tree,Pale peach,,https://i5.walmartimages.com/asr/658d7bfa-b3a3-4cd8-9d5c-eb28c8a51692.5df8764156a94b761dad3d95637b2863.jpeg?odnHeight=768&odnWidth=768&odnBg=FFFFFF,,hair care
329,Kristin Ess,Conditioner,,,Pale peach,,https://target.scene7.com/is/image/Target/GUEST_c5c2f8e1-d836-4104-b155-c2533f3baf97?wid=488&hei=488&fmt=pjpeg,"No scent, but described as ""extra gentle""",hair care
330,Hask,Conditioner,,"plant, branch, mandala","Dark brown, bright blue, white ",,https://i.ebayimg.com/images/g/g~QAAOSw83Jj6MLz/s-l1200.webp,"No scent listed, product described as ""Argan Oil from Morocco"", ""Repairing Conditioner""",hair care
331,"Heads, Shoulders",Conditioner,,Pink hibiscus flower,"Pink, blue",,https://images.heb.com/is/image/HEBGrocery/002528568-8?jpegSize=150&hei=1400&fit=constrain&qlt=75,"No scent, listed as ""silky, smooth""",hair care
332,Aussie,Conditioner,,"kangaroo, avocado slice","Purple, blue ",,https://images.ctfassets.net/r62kv71tcwon/6JBbU6uVpZoVlvRkxggfZZ/227a92ed920701cbf52db8249dc484fb/00381519187070_C1N1_dt.png,"No scent, product listed as ""Miracle Moist""",hair care
333,Garnier Fructis,Conditioner,,"pill icon, coconut","Bright green, purple",,https://www.garnierusa.com/-/media/project/loreal/brand-sites/garnier/usa/us/products/fructis/curl-nourish/2023/curl-nourish-conditioner-22oz/front-pack-shot-png.png?rev=26233fbdd3104cb48768f6e566578656&hash=2D36F7B7F0351C17808EE36BD669D37D,"No scent, product described as ""Curl Nourish""",hair care
334,L'Oreal Elvive,Conditioner,,Water droplet,"Light purple, bright pink ",,https://storage.googleapis.com/images-bks-prd-1385851.bks.prd.v8.commerce.mi9cloud.com/product-images/detail/f132bdce-bce2-42d2-ab52-b7fd15ab463e.jpeg,"No scent, described as ""Hyaluron Pump""",hair care
335,Pantene,Conditioner,,Pill icon,"white, gold",,https://target.scene7.com/is/image/Target/GUEST_e66e2180-01ba-4e8f-ad7a-8e24e5bfee64?wid=488&hei=488&fmt=pjpeg,"Described as ""Daily Moisture Renewal""",hair care
336,Pantene,Conditioner,,Pill icon,"gold, blue",,https://i5.walmartimages.com/seo/Pantene-Pro-V-Classic-Clean-nourishing-Daily-Conditioner-28-9-fl-oz_c5a13dd8-c8ac-4da0-a517-ab8a810f3f0c.f7f5e833af99c8ed76b5db95363b89ea.jpeg,"Described as ""Classic Clean""",hair care
337,Tresemme,Conditioner,,,"white, blue",,https://m.media-amazon.com/images/I/71w5LWyfNPL.jpg,"Described as ""Silky, Smooth""",hair care
338,Tresemme,Conditioner,,Glitter ,Gold,,https://target.scene7.com/is/image/Target/GUEST_6f821e01-e545-46fe-8d14-fe2ad4104e7f?wid=488&hei=488&fmt=pjpeg,"Described as ""Rich Moisture""",hair care
339,"Okamoto Industries, Inc.",Condom,,,"red, blue, black",Male,https://img.pcstore.com.tw/~prod/M83687558_big1.jpg?pimg=static&P=1678113337,,contraception & safe sex
340,Trojan Original,Condom,,Trojan warrior ,"Blue, white, gold",Male,https://www.google.com/imgres?q=trojan%20original&imgurl=https%3A%2F%2Fforsman-trojan.s3.amazonaws.com%2Fstatic%2Fimages%2Fsuggestions%2F2851a9b6-8458-48a7-9d24-a2c0ee6ca483%2Ftrj-classic-en.png&imgrefurl=https%3A%2F%2Fwww.trojan.ca%2Fen-ca%2Fproduct%2Fcondoms%2F&docid=u4XXUBreUXQmfM&tbnid=JcnkyWO32Wd60M&vet=12ahUKEwiHzYjCkpOHAxXsCjQIHaiICpoQM3oECFMQAA..i&w=2400&h=2400&hcb=2&ved=2ahUKEwiHzYjCkpOHAxXsCjQIHaiICpoQM3oECFMQAA,,contraception & safe sex
341,Trojan Original,Condom,,Trojan warrior ,"Blue, white, gold",Male,https://www.google.com/imgres?q=trojan%20original&imgurl=https%3A%2F%2Fforsman-trojan.s3.amazonaws.com%2Fstatic%2Fimages%2Fsuggestions%2F2851a9b6-8458-48a7-9d24-a2c0ee6ca483%2Ftrj-classic-en.png&imgrefurl=https%3A%2F%2Fwww.trojan.ca%2Fen-ca%2Fproduct%2Fcondoms%2F&docid=u4XXUBreUXQmfM&tbnid=JcnkyWO32Wd60M&vet=12ahUKEwiHzYjCkpOHAxXsCjQIHaiICpoQM3oECFMQAA..i&w=2400&h=2400&hcb=2&ved=2ahUKEwiHzYjCkpOHAxXsCjQIHaiICpoQM3oECFMQAA,,contraception & safe sex
342,Durex,Condom,,"A circle cut by an ""X""","Gold, red, blue",Male,https://www.google.com/imgres?q=trojan%20original&imgurl=https%3A%2F%2Fforsman-trojan.s3.amazonaws.com%2Fstatic%2Fimages%2Fsuggestions%2F2851a9b6-8458-48a7-9d24-a2c0ee6ca483%2Ftrj-classic-en.png&imgrefurl=https%3A%2F%2Fwww.trojan.ca%2Fen-ca%2Fproduct%2Fcondoms%2F&docid=u4XXUBreUXQmfM&tbnid=JcnkyWO32Wd60M&vet=12ahUKEwiHzYjCkpOHAxXsCjQIHaiICpoQM3oECFMQAA..i&w=2400&h=2400&hcb=2&ved=2ahUKEwiHzYjCkpOHAxXsCjQIHaiICpoQM3oECFMQAA,,contraception & safe sex
343,Durex,Condom,,"A circle cut by an ""X""","Gold, red, blue",Male,https://www.google.com/imgres?q=trojan%20original&imgurl=https%3A%2F%2Fforsman-trojan.s3.amazonaws.com%2Fstatic%2Fimages%2Fsuggestions%2F2851a9b6-8458-48a7-9d24-a2c0ee6ca483%2Ftrj-classic-en.png&imgrefurl=https%3A%2F%2Fwww.trojan.ca%2Fen-ca%2Fproduct%2Fcondoms%2F&docid=u4XXUBreUXQmfM&tbnid=JcnkyWO32Wd60M&vet=12ahUKEwiHzYjCkpOHAxXsCjQIHaiICpoQM3oECFMQAA..i&w=2400&h=2400&hcb=2&ved=2ahUKEwiHzYjCkpOHAxXsCjQIHaiICpoQM3oECFMQAA,,contraception & safe sex
344,Naturalamb,Condom,,,"Brown, gold, white",Male,https://www.kingsoopers.com/p/trojan-natural-lamb-skin-to-skin-real-intimacy-luxury-condoms/0002260099844?searchType=default_search,,contraception & safe sex
345,Champ,Condom,,,"Yellow, blue, green, white",Male,https://www.google.com/imgres?q=champ%20condoms&imgurl=http%3A%2F%2Fmeetchamp.com%2Fcdn%2Fshop%2Fproducts%2Fsq-champ-ultrathin-latex-condoms-12pk_c7b61cca-3389-443a-9c84-276340511bd5_1200x1200.jpg%3Fv%3D1617027140&imgrefurl=https%3A%2F%2Fmeetchamp.com%2Fproducts%2Fultra-thin-condoms&docid=4mCZer8cCVPMVM&tbnid=rYjIAO7RpZUvzM&vet=12ahUKEwjUg8Lhk5OHAxVhGDQIHfq0CasQM3oECB4QAA..i&w=1200&h=1054&hcb=2&ved=2ahUKEwjUg8Lhk5OHAxVhGDQIHfq0CasQM3oECB4QAA,,contraception & safe sex
346,myOne,Condom,,,"Blue, yellow, white",Male,https://www.google.com/imgres?q=myone%20condoms&imgurl=https%3A%2F%2Fm.media-amazon.com%2Fimages%2FI%2F71aYdNwz8qL._AC_UF1000%2C1000_QL80_.jpg&imgrefurl=https%3A%2F%2Fwww.amazon.com%2F49E-Snug-49-Length-5-6%2Fdp%2FB0BLQQBVB7&docid=zR0e6ineLzfUHM&tbnid=TwkmoUcJRI9rLM&vet=12ahUKEwi1jLyOlJOHAxXvIDQIHT-CAvkQM3oFCIcBEAA..i&w=789&h=1000&hcb=2&ved=2ahUKEwi1jLyOlJOHAxXvIDQIHT-CAvkQM3oFCIcBEAA,These are custom made condoms,contraception & safe sex
347,Lelo Hex,Condom,,Hexagons,"Orange, white, black",Male,https://www.google.com/imgres?q=lelo%20hex%20condom&imgurl=https%3A%2F%2Fm.media-amazon.com%2Fimages%2FI%2F610VUH0LOuL.jpg&imgrefurl=https%3A%2F%2Fwww.amazon.com%2FLELO-Original-Hexagonal-Structure-Lubricated%2Fdp%2FB01N4AOB3B&docid=2QG18DXVMQhpLM&tbnid=HkzOPH_gAHmu6M&vet=12ahUKEwjroNPWlJOHAxVyOjQIHW1BArUQM3oECBgQAA..i&w=1600&h=1600&hcb=2&ved=2ahUKEwjroNPWlJOHAxVyOjQIHW1BArUQM3oECBgQAA,,contraception & safe sex
348,Trojan Magnum,Condom,,Trojan warrior,"Gold, black, white",Male,https://www.google.com/imgres?q=trojan%20magnum&imgurl=https%3A%2F%2Fm.media-amazon.com%2Fimages%2FI%2F717q5AowAAL._AC_UF1000%2C1000_QL80_.jpg&imgrefurl=https%3A%2F%2Fwww.amazon.com%2FTrojan-Lubricated-Condom-Magnum-12-Count%2Fdp%2FB0040XYBDK&docid=rFp2LG3OX8LpeM&tbnid=8vk8RcDmljmZYM&vet=12ahUKEwiz8IqDlZOHAxUIHDQIHftQCW4QM3oECB4QAA..i&w=583&h=1000&hcb=2&ved=2ahUKEwiz8IqDlZOHAxUIHDQIHftQCW4QM3oECB4QAA,,contraception & safe sex
349,Trojan Bare Skin Raw,Condom,,Trojan warrior,"Blue-green, black, white",Male,https://www.google.com/imgres?q=trojan%20raw&imgurl=https%3A%2F%2Fm.media-amazon.com%2Fimages%2FI%2F71pFzcrZPDL.jpg&imgrefurl=https%3A%2F%2Fwww.amazon.com%2FTrojan-Condoms-Bareskin-Lubricated-Count%2Fdp%2FB0946VTR1Y&docid=VHUsML2ieNe8MM&tbnid=hwcYkODSjjfwcM&vet=12ahUKEwjTnq-llZOHAxWEGDQIHQKrBKsQM3oECBsQAA..i&w=1800&h=1800&hcb=2&ved=2ahUKEwjTnq-llZOHAxWEGDQIHQKrBKsQM3oECBsQAA,,contraception & safe sex
350,Durex Air,Condom,,"A circle cut by an ""X""","Silver, blue, white",Male,https://www.google.com/imgres?q=durex%20air&imgurl=https%3A%2F%2Ftarget.scene7.com%2Fis%2Fimage%2FTarget%2FGUEST_145205df-5641-47f9-a95d-f8f4edc90103%3Fwid%3D488%26hei%3D488%26fmt%3Dpjpeg&imgrefurl=https%3A%2F%2Fwww.target.com%2Fp%2Fdurex-air-contraceptives-10ct%2F-%2FA-81782452&docid=irKLW5bVXnjIRM&tbnid=8uZX2CNkU6HU-M&vet=12ahUKEwjqnqvOlZOHAxU2IzQIHXfCAK0QM3oECBYQAA..i&w=488&h=488&hcb=2&ved=2ahUKEwjqnqvOlZOHAxU2IzQIHXfCAK0QM3oECBYQAA,,contraception & safe sex
351,Durex Prolong,Condom,,"A circle cut by an ""X""","Blue, white, purple",Male,https://www.google.com/imgres?q=durex%20prolong&imgurl=https%3A%2F%2Fwww.durexusa.com%2Fcdn%2Fshop%2Ffiles%2FDurex_Prolong_Regular_12ct_CTN_FRONT_6b8c2667-bfdd-4cd2-8b9b-ec35f68ed2a3_large.png%3Fv%3D1709622101&imgrefurl=https%3A%2F%2Fwww.durexusa.com%2Fproducts%2Fdurex-condom-prolong-natural-latex-condoms&docid=zLx7SNqQg_fvkM&tbnid=guUCsKxF0En9WM&vet=12ahUKEwjenPT2lZOHAxXvFDQIHWToD3gQM3oECBsQAA..i&w=480&h=480&hcb=2&ved=2ahUKEwjenPT2lZOHAxXvFDQIHWToD3gQM3oECBsQAA,,contraception & safe sex
352,Skyn Elite,Condom,,,"Purple, black, gold",Male,https://www.google.com/imgres?q=skyn%20elite&imgurl=https%3A%2F%2Fm.media-amazon.com%2Fimages%2FI%2F71PDAS6JKpL._AC_UF1000%2C1000_QL80_.jpg&imgrefurl=https%3A%2F%2Fwww.amazon.com%2FLifeStyles-SKYN-Elite-Condoms%2Fdp%2FB0735Q681B&docid=okUhHtEdV3IENM&tbnid=f4joThuDFnSbMM&vet=12ahUKEwjujOeulpOHAxXOHjQIHQfOC3kQM3oECBwQAA..i&w=909&h=1000&hcb=2&ved=2ahUKEwjujOeulpOHAxXOHjQIHQfOC3kQM3oECBwQAA,,contraception & safe sex
353,Trojan ENZ,Condom,,Trojan warrior,"Blue, white, gold",Male,https://www.google.com/imgres?q=trojan%20enz&imgurl=https%3A%2F%2Fi5.walmartimages.com%2Fseo%2FTROJAN-ENZ-Premium-Smooth-Lubricated-Condoms-12-Count_8f5f7d23-c38c-4ae9-a55d-117ed190e183.254570027b881d9383dff4b33db33003.jpeg&imgrefurl=https%3A%2F%2Fwww.walmart.com%2Fip%2FTROJAN-ENZ-Premium-Smooth-Lubricated-Condoms-12-Count%2F15529334&docid=BEi0hsu9G7RhxM&tbnid=Mx6SjwrIJJ6OxM&vet=12ahUKEwi-nI7MlpOHAxWyFzQIHcZsAIcQM3oECB0QAA..i&w=2200&h=2200&hcb=2&ved=2ahUKEwi-nI7MlpOHAxWyFzQIHcZsAIcQM3oECB0QAA,,contraception & safe sex
354,Kimono Microthin Ribbed,Condom,,A tiger in grass,"Orange, yellow, white",Male,https://www.google.com/imgres?q=mayer%20laboratories%20condoms&imgurl=https%3A%2F%2Fm.media-amazon.com%2Fimages%2FI%2F91tBpXPUhvL._AC_UF1000%2C1000_QL80_.jpg&imgrefurl=https%3A%2F%2Fwww.amazon.com%2FMayer-Laboratories-Kimono-Condom-Textured%2Fdp%2FB002V0QCJA&docid=bA5zA6hQZYjT1M&tbnid=CVENF7RssTkAEM&vet=12ahUKEwiD7MmumJOHAxXvHzQIHZ4XAeUQM3oECBsQAA..i&w=552&h=1000&hcb=2&ved=2ahUKEwiD7MmumJOHAxXvHzQIHZ4XAeUQM3oECBsQAA,,contraception & safe sex
355,Kimono Microthin Large,Condom,,A dragon,"Purple, white, yellow",Male,https://www.google.com/imgres?q=mayer%20laboratories%20condoms&imgurl=https%3A%2F%2Fwww.kroger.com%2Fproduct%2Fimages%2Flarge%2Ffront%2F0074615563196&imgrefurl=https%3A%2F%2Fwww.foodsco.net%2Fp%2Fmayer-laboratories-kimono-condom-microthin-large-3-condoms%2F0074615563196&docid=nkHzThKBNghIhM&tbnid=AcR6LbDTDE_GdM&vet=12ahUKEwiD7MmumJOHAxXvHzQIHZ4XAeUQM3oECBkQAA..i&w=500&h=500&hcb=2&itg=1&ved=2ahUKEwiD7MmumJOHAxXvHzQIHZ4XAeUQM3oECBkQAA,,contraception & safe sex
356,Kimono Thin,Condom,,A phoenix,"Red, yellow, silver",Male,https://www.google.com/imgres?q=mayer%20laboratories%20condoms&imgurl=https%3A%2F%2Fwww.kroger.com%2Fproduct%2Fimages%2Flarge%2Ffront%2F0074615564970&imgrefurl=https%3A%2F%2Fwww.frysfood.com%2Fp%2Fmayer-laboratories-kimono-premium-thin-latex-condoms-12-pack%2F0074615564970&docid=jjJe_LYJ8p2VWM&tbnid=b3Fct9Qb_hUYyM&vet=12ahUKEwiD7MmumJOHAxXvHzQIHZ4XAeUQM3oECFoQAA..i&w=500&h=500&hcb=2&itg=1&ved=2ahUKEwiD7MmumJOHAxXvHzQIHZ4XAeUQM3oECFoQAA,,contraception & safe sex
357,Trojan Ultra Thin,Condom,,Trojan warrior,"Purple, steel grey, white",Male,https://www.google.com/imgres?q=trojan%20ultra%20thin&imgurl=https%3A%2F%2Fm.media-amazon.com%2Fimages%2FI%2F71Phi6FfdlL.jpg&imgrefurl=https%3A%2F%2Fwww.amazon.com%2FTrojan-Condom-Sensitivity-Ultra-Lubricated%2Fdp%2FB0040VPJVK&docid=V1uCBrYozzKtRM&tbnid=PPlLPLxUlIJeEM&vet=12ahUKEwiBqqvimZOHAxUdDjQIHZZ1D1QQM3oECB0QAA..i&w=2000&h=2000&hcb=2&ved=2ahUKEwiBqqvimZOHAxUdDjQIHZZ1D1QQM3oECB0QAA,,contraception & safe sex
358,Trojan Ultra Ribbed,Condom,,Trojan warrior,"Yellow, orange, white",Male,https://www.google.com/imgres?q=trojan%20ultra%20ribbed&imgurl=https%3A%2F%2Fm.media-amazon.com%2Fimages%2FI%2F81KECcfeelL.jpg&imgrefurl=https%3A%2F%2Fwww.amazon.com%2FTrojan-Stimulations-Ribbed-Lubricated-Condoms%2Fdp%2FB0073RAL3O&docid=9MHzU8znIjDoRM&tbnid=Y-1EKApavPGQbM&vet=12ahUKEwiWs4aFmpOHAxUOHjQIHWjBBEUQM3oECBwQAA..i&w=2000&h=2000&hcb=2&ved=2ahUKEwiWs4aFmpOHAxUOHjQIHWjBBEUQM3oECBwQAA,,contraception & safe sex
359,Trustex,Condom,,Floral color wheel ,Silver,,https://worldcondoms.com/products/trustex-assorted-colors-non-lubricated-condoms?variant=34418098962581,"Non-lubricated, different colored condoms",contraception & safe sex
360,Skyn,Contraception,,,"white, black, gold",Male,https://www.walmart.com/ip/SKYN-Original-Lubricated-Non-Latex-Condoms-12-Count/16940436,This is a non-latex condom,contraception & safe sex
361,Lifestyles,Contraception,,,"Blue, green, grey",Male,https://www.cvs.com/shop/lifestyles-ultra-sensitive-natural-rubber-latex-condoms-prodid-317707?skuId=317707&cgaa=QWxsb3dHb29nbGVUb0FjY2Vzc0NWU1BhZ2Vz,,contraception & safe sex
362,Nad's,Down Under Cream,,,"black, blue, white",Male,https://target.scene7.com/is/image/Target/GUEST_ebe4cb2f-f8fe-4288-8c6c-2177a139d45e?wid=1200&hei=1200&qlt=80&fmt=webp,none,hair removal
363,Olaplex,Dry shampoo,,,"White, blue",,https://olaplex.com/cdn/shop/products/4DPDPAssets_2000x2000_0316_1440x.jpg?v=1706286817,"Volumizes, refreshes, detoxifies ",hair care
364,Brightup,electric razor,, razor surrounded by swirling beams of light,"black, blue, white",Male,https://a.co/d/cQRwX0n,,hair removal
365,Yuriso,electric razor,,Razor,"Black, Silver",Male,https://a.co/d/dVIfgXh,,hair removal
366,Yoose,electric razor,,,"black, silver",Male,https://a.co/d/hKNFzRb,,hair removal
367,Remington,electric razor,,,"Red, black, white",Male,https://a.co/d/8KewFnR,,hair removal
368,Remington,electric razor,,,"Red, black, white",Male,https://a.co/d/8KewFnR,,hair removal
369,Remington,electric razor,,,"Red, black, white",Male,https://a.co/d/8KewFnR,,hair removal
370,Kurener,electric razor,,Razor floating in water,"black, silver, blue",Male,https://a.co/d/8KewFnR,,hair removal
371,Kurener,electric razor,,Razor floating in water,"black, silver, blue",Male,https://a.co/d/8KewFnR,,hair removal
372,Kurener,electric razor,,Razor floating in water,"black, silver, blue",Male,https://a.co/d/8KewFnR,,hair removal
373,Lobinh,electric razor,,Razor,"Black, Gray",Male,https://a.co/d/fOaTsdX,,hair removal
374,SHPAVVER,electric razor,,Male silhouette,"red, black",Male,https://a.co/d/3Wn89Tb,,hair removal
375,Philips Norelco Multi Groomer ,electric razor,,,"black, blue",Male,https://a.co/d/ecjTDd3,,hair removal
376,Fishcovers,electric razor,,Razor,"black, gold",Male,https://a.co/d/72Dgm7k,,hair removal
377,SHPAVVER,electric razor,,Razor,"Black, White",Male,https://a.co/d/1LIS8vZ,,hair removal
378,Remington Virtually Indestructible Rotary Shaver 5100,electric razor,,Shaver,"black,yellow",Male,https://a.co/d/8S74uwS,,hair removal
379,Krovena,electric razor,,Razor,"white, lavender",Female,https://a.co/d/e1iX4q6,,hair removal
380,RenFox,electric razor,,Razor,"pink, white",Female,https://a.co/d/huW1cGN,,hair removal
381,Philips Beauty Lady Electric Shaver,electric razor,,,"red, white",Female,https://a.co/d/082z9M8,,hair removal
382,Philips Beauty SatinShave Essential,electric razor,,Woman,"Pink, White",Female,https://a.co/d/25gEJhO,,hair removal
383,Norelco,electric razor,,Razor,"Blue,Black,Red",,https://a.co/d/dwlMiqr,,hair removal
384,Living Proof,Full Thickening Mousse,,,"Silver, black, white",,https://www.livingproof.com/dw/image/v2/BCMH_PRD/on/demandware.static/-/Sites-livingproof-catalog/default/dwe603cde1/images/hi-res/pdp/refresh/PDP_Full_Mousse_FS_Front.jpg?sw=800&sh=800&sm=fit,"Ideal thickness, volume",hair care
385,Avenue Man,Hair Spray,,man with sunglasses,"Silver, black",Male,https://images.app.goo.gl/B1CRb5EpiZnR3zSSA,,hair care
386,Herbal Essences,Hair Spray,,"Flowers, leaf patterns","Orange, white, green",Female,https://www.amazon.com/Seas-Herbal-Body-Envy-Vol/dp/B0019ROHDO?source=ps-sl-shoppingads-lpcontext&ref_=fplfs&psc=1&smid=ANTT7MQOLAZIJ,Body Envy Volumizing Hair Spray,hair care
387,Big Sexy Hair,Hair Spray,,,Red,Female,https://www.ulta.com/p/travel-size-big-sexy-hair-spray-play-harder-firm-volumizing-hairspray-pimprod2014442?sku=2560459&cmpid=PS_Non!google!Product_Listing_Ads&utm_source=google&utm_medium=paidsearch&CAWELAID=330000200002089244&srsltid=AfmBOoqv8JraENmLwixFuKDMDylR52z5dKKiIFUK8NTm7idXxDXx0QfRXkY,"Spray, Play Harder",hair care
388,Suavecito,Hairspray,,Skeleton,"Yellow, gray, black",Male,https://suavecito.com/products/grooming-spray-non-aerosol-hairspray?variant=369846011&currency=USD&utm_medium=product_sync&utm_source=google&utm_content=sag_organic&utm_campaign=sag_organic&srsltid=AfmBOopTEqeLKLnauDxHwMvvRDJmu0nOvmH2q2pqaDvCcwR9r4ALSlv61Ps,,hair care
389,Amika,Hairspray,,"flowers, a skull, a sun, raindrops","Pink, orange, yellow",Female,https://loveamika.com/products/fluxus-touchable-hairspray?variant=1621619539986&srsltid=AfmBOoqkIZSXVCEt-EDGFnpdX6dMf5C92D418kj51A87V0NGUygn6l0EbLA,Fluxus Touchable Hairspray,hair care
390,göt2b,Hairspray,,,"Black, yellow, silver",,https://images.app.goo.gl/36BMkCb4Ze8izH4G9,Glued Blasting Freeze Spray,hair care
391,Paul Mitchell,Hairspray,,,"Gray, red",,https://www.ulta.com/p/flexible-style-worked-up-hairspray-pimprod2000434?sku=2533363&cmpid=PS_Non!google!Product_Listing_Ads&utm_source=google&utm_medium=paidsearch&CAWELAID=330000200001525264&srsltid=AfmBOop5eApAqEJxdGBztI1Hfs03nEwYOJLsDmITW2Ri7d9B-RcC-RSHfbw,Style Worked Up,hair care
392,Bed Head,Hairspray,,,"Green, blue ",,https://images.app.goo.gl/wdhoM3A6xYickUYr5,Lightheaded Hairspray,hair care
393,Mizani,Hairspray,,Square patterns,"Gold, brown",,https://images.app.goo.gl/my4g5z9oMqiaNvE29,Humidity Resistant Spray,hair care
394,Aqua Net,Hairspray ,,Woman with flowing hair,"Pink, white, purple",Female,https://www.amazon.com/Aqua-Net-Professional-Spray-Extra/dp/B004AI5486?source=ps-sl-shoppingads-lpcontext&ref_=fplfs&psc=1&smid=A3QF6TCNJHVX4P,All Weather Professional Hairspray,hair care
395,Bondi,Hairspray ,,,"Pink, whife",Female,https://www.ulta.com/p/flex-shine-hairspray-pimprod2038918?sku=2609502&cmpid=PS_Non!google!Product_Listing_Ads&utm_source=google&utm_medium=paidsearch&CAWELAID=330000200003021834&srsltid=AfmBOopmzmqST_Yw7eC5eu5QorcAzLB_TG52dLTpV2zREVB5u_B3p81ic8A,Boost Flex + Shine Spray,hair care
396,L’Oréal Paris,Hairspray ,,A woman with flowing hair,White,Female,https://www.google.com/aclk?sa=l&ai=DChcSEwjCgeOh0rKHAxUBIK0GHUrxBZ0YABAUGgJwdg&co=1&gclid=CjwKCAjwnei0BhB-EiwAA2xuBqV4ut6Dutr6hedeNd5qfkXCGDUxp9ACux91Txbd_-Ze4bO6B73pKRoC0G8QAvD_BwE&sig=AOD64_2r17SwgaN5vQqOBZ9k53MCpxQtlw&ctype=70&q=&ved=2ahUKEwiPxN6h0rKHAxXEJUQIHeNlDSUQwg8oAHoECAUQRA&nis=8&adurl=,Elnett Satin Extra Strong Hold,hair care
397,Redken,Hairspray ,,,"Silver, black",,https://shop.imagesolutionssalon.com/products/fashion-work-12-versatile-working-spray?variant=31406836777029&currency=USD&utm_medium=product_sync&utm_source=google&utm_content=sag_organic&utm_campaign=sag_organic&srsltid=AfmBOoqJ8aF0W4zX2uc0rPZxLdef1cnLDtrR-FZID7XghiIXxRjxNvokQhE,Brushable Hairspray Medium Control,hair care
398,Pasante,Internal Conom,,Sparkles,"Yellow, blue, white",Female,https://worldcondoms.com/collections/female-condoms/products/pasante-female-condoms-30box?variant=1868741935113,none,contraception & safe sex
399,Frolic Water-Based Toy Lubricant,Lubricant,,butterfly,"Pink, White, Hot Pink",Female,https://www.amazon.com/Pink-Frolic-Water-Based-Women/dp/B094Q62DXY,"Infused with Grapefruit Seed to provide anti-bacterial, anti-fungal, anti-viral protection.",contraception & safe sex
400,JO H2O Water-Based Lubricant,Lubricant,,,"blue, Black",,https://www.amazon.com/JO-Original-Water-Based-Personal-Lubricant/dp/B002R5BE10,Vegan,contraception & safe sex
401,Wet Platinum Premium Lubricant,Lubricant,,,"Silver, Red, Black",,https://www.wetlubes.com/products/wet-platinum-silicone-lubricant, Not to be used with Silicone Toys,contraception & safe sex
402,Yes WB Water-Based Personal Lubricant,Lubricant,,,"White, Black, Blue",,https://www.ahyes.org/products/ah-yes-wb-water-based-natural-lubricant?gad_source=1&gclid=CjwKCAjwnei0BhB-EiwAA2xuBg9jRMKszaoPWozMirdFwcGO5llKCl4J-Nz5pINsuPiQdUJ3QGT8ixoCJfAQAvD_BwE,certified organic,contraception & safe sex
403,AH! YES OB Plant-Oil Based Organic Personal Lubricant,Lubricant,,,"Navy Blue, White, Black",,https://www.amazon.com/AH-YES-OB-Personal-Lubricant/dp/B085S5VW64,plant oil based ,contraception & safe sex
404,Intimate Earth Hydra Water-Based Lubricant,Lubricant,,," Blue, Brown, Black",,https://www.amazon.com/Intimate-Earth-Hydra-Glide-Ounce/dp/B01HOJ8DLC,Water based formulas,contraception & safe sex
405,Sliquid H2O Original Water-Based Lubricant,Lubricant,,Flowers,"Blue, White, ",,https://sliquid.com/shop/sliquid-naturals/h2o-sliquid-naturals/,"vegan-friendly, hypoallergenic ",contraception & safe sex
406,Trojan Lubricants H2O Closer,Lubricant,,,"Gold, Purple, Black",,https://www.trojanbrands.com/en/products/lubricants-wellness/trojan-h2o-closer-lubricant,"Non-sticky, mess free",contraception & safe sex
407,Swiss Navy Water-Based Lubricant,Lubricant,,,"Grey, Navy Blue",,https://www.amazon.com/Swiss-Navy-Water-Based-Lubricant/dp/B0094VCW48,Paraben Free,contraception & safe sex
408,Pjur Original Bodyglide Silicone-Based Lubricant,Lubricant,,,"White, Black, Yellow",,https://www.pjur.us/us/catalog/product/view/id/223/s/pjur-original/category/65/#187=108,made in germany,contraception & safe sex
409,K-Y UltraGel Personal Lubricant,Lubricant,,,"White, Blue, Purple, Orange",,https://www.k-y.com/products/k-y-ultragel-water-based-personal-lube,"Not made with hormones, parabens, silicone, artificial colorants, fragrances.",contraception & safe sex
410,Sliquid Organics Natural Gel,Lubricant ,,,"Brown, White, ",,https://getmaude.com/products/shine-organic-lube?variant=29690843562063&currency=USD&utm_medium=product_sync&utm_source=google&utm_content=sag_organic&utm_campaign=sag_organic&utm_source=google&utm_medium=cpc&utm_term=&utm_campaign=g-us-shopping-lubricants&utm_content=614277220937https://ad.atdmt.com/s/go;adv=11217220097186;ec=11217220097222;c.a=17921857437;s.a=google;p.a=17921857437;as.a=146440116664;qpb=1;?bidkw=defaultkeyword&dvc=c&h=https://getmaude.com/products/shine-organic-lube%3Fvariant%3D29690843562063%26currency%3DUSD%26utm_medium%3Dproduct_sync%26utm_source%3Dgoogle%26utm_content%3Dsag_organic%26utm_campaign%3Dsag_organic&gad_source=1&gclid=CjwKCAjwnei0BhB-EiwAA2xuBjYec0EpZaz9RgsIMN8UfsD0LqFrvWxVKWw5k5d8Z99YP18FX6yi-BoC-owQAvD_BwE,"Shine organic's all-natural, aloe-based formula is ultra-moisturizing, made to last. ",contraception & safe sex
411,John Frieda,Volume Lift Lightweight Conditioner,,,"Green, blue, black",,https://kao-h.assetsadobe3.com/is/image/content/dam/sites/kaousa/www-johnfrieda-com/uk/en/products/500ml/199220305_JF_VL_Cond_500mL_LP1_Cap_81945.png?fmt=png-alpha&wid=480,"Detangles, infuses natural volume",hair care
